device_id,display_name,condition,condition_id,price,shipping,total,ended_at,buying_format,title,url,image,epid
iphone-14,iPhone 14,Pre-Owned,3000,269.99,,269.99,2026-07-31,buyItNow,Factory Unlocked Apple iPhone 14 128GB Purple MPUX3LL/A,https://www.ebay.com/itm/398220726292?nordt=true,https://i.ebayimg.com/images/g/IcsAAeSwzM5qZ5SJ/s-l1600.jpg,2327306603
iphone-14,iPhone 14,Pre-Owned,3000,245.0,,245.0,2026-08-01,buyItNow,Apple iPhone 14 - 128GB - Unlocked - GRADE C - 100% BATTERY,https://www.ebay.com/itm/267741009782?nordt=true,https://i.ebayimg.com/images/g/TgwAAeSwDv9qKNMw/s-l1600.jpg,20056257992
iphone-14,iPhone 14,Pre-Owned,3000,249.99,,249.99,2026-08-01,buyItNow,Factory Unlocked Apple iPhone 14 128GB Purple MPUX3LL/A,https://www.ebay.com/itm/117335435412?nordt=true,https://i.ebayimg.com/images/g/3CMAAeSwAQ9qboOU/s-l1600.jpg,2327306603
iphone-14,iPhone 14,Pre-Owned,3000,344.97,,344.97,2026-08-02,buyItNow,Apple iPhone 14 A2881 128GB Good Condition | Blue | UNLOCKED | Physical SIM,https://www.ebay.com/itm/336682379017?nordt=true,https://i.ebayimg.com/images/g/yrAAAeSwVktqUVe~/s-l1600.jpg,11056248070
iphone-14,iPhone 14,Pre-Owned,3000,235.0,,235.0,2026-08-03,buyItNow,Apple iPhone 14 128GB - Purple  FULLY UNLOCKED - Orig Box (MINT CONDITION),https://www.ebay.com/itm/236833646919?nordt=true,https://i.ebayimg.com/images/g/BeUAAeSw-jZqFEVw/s-l1600.jpg,2327306603
iphone-14,iPhone 14,Pre-Owned,3000,269.99,,269.99,2026-08-03,buyItNow,Unlocked Apple iPhone 14 128GB 26.5 Midnight MPUA3LL/A,https://www.ebay.com/itm/168568241918?nordt=true,https://i.ebayimg.com/images/g/t9IAAeSw1ihqZ8fe/s-l1600.jpg,20056257992
iphone-14,iPhone 14,Pre-Owned,3000,244.23,3.99,248.22,2026-08-03,buyItNow,Apple iPhone 14 128GB Blue A2649 (Unlocked) Discounted zW3237,https://www.ebay.com/itm/307048216952?nordt=true,https://i.ebayimg.com/images/g/hmgAAeSwLi5qTVuz/s-l1600.jpg,11056248070
iphone-14,iPhone 14,Pre-Owned,3000,248.98,,248.98,2026-08-03,buyItNow,USED Apple iPhone 14 128GB in Black Color Grade C  Fair Condition Battery 90%,https://www.ebay.com/itm/318657112283?nordt=true,https://i.ebayimg.com/images/g/fssAAeSwDB5qa-4g/s-l1600.jpg,
iphone-14,iPhone 14,Pre-Owned,3000,169.0,6.57,175.57,2026-08-03,buyItNow,iPhone 14 Locked by t mobile,https://www.ebay.com/itm/206463929222?nordt=true,https://i.ebayimg.com/images/g/pm4AAeSwnQxqcV5y/s-l1600.jpg,3056262026
iphone-14,iPhone 14,Pre-Owned,3000,229.95,,229.95,2026-08-03,buyItNow,Apple iPhone 14 128GB Midnight MPUA3LL/A Unlocked BATTERY HEALTH 70%-80% (AMX),https://www.ebay.com/itm/198432112012?nordt=true,https://i.ebayimg.com/images/g/kJcAAOSwLYhlU2p8/s-l1600.jpg,20056257992
iphone-14,iPhone 14,Pre-Owned,3000,355.26,16.82,372.08,2026-08-03,buyItNow,"Apple iPhone 14 Blue 128GB, eSIM, Unlocked - Battery 87% - Excellent Condition",https://www.ebay.com/itm/318483799176?nordt=true,https://i.ebayimg.com/images/g/2ekAAeSwYudp~QGV/s-l1600.jpg,11056248070
iphone-14,iPhone 14,Pre-Owned,3000,189.0,,189.0,2026-08-03,buyItNow,Apple iPhone 14 128GB Purple -UNLOCKED - Read Seller Notes,https://www.ebay.com/itm/128002290687?nordt=true,https://i.ebayimg.com/images/g/M~8AAeSwWkBqa3xW/s-l1600.jpg,2327306603
iphone-14,iPhone 14,Pre-Owned,3000,220.49,,220.49,2026-08-03,buyItNow,Apple iPhone 14 A2649 Unlocked 128GB Midnight C-,https://www.ebay.com/itm/187036245187?nordt=true,https://i.ebayimg.com/images/g/FLUAAeSwpstn0L5x/s-l1600.jpg,20056257992
iphone-14,iPhone 14,Pre-Owned,3000,219.0,,219.0,2026-08-03,buyItNow,Apple iPhone 14 Unlocked 128GB/512GB - Mint Condition - Free Shipping!,https://www.ebay.com/itm/389996177254?nordt=true,https://i.ebayimg.com/images/g/QOwAAeSwe69p~xSR/s-l1600.jpg,20056257992
iphone-14,iPhone 14,Pre-Owned,3000,216.5,6.95,223.45,2026-08-03,auctionWithBIN,iPhone 14 A2649 128GB,https://www.ebay.com/itm/158126403479?nordt=true,https://i.ebayimg.com/images/g/kD4AAeSwDCFqaBsJ/s-l1600.jpg,11056248070
iphone-14,iPhone 14,Pre-Owned,3000,169.49,,169.49,2026-08-03,buyItNow,"Apple iPhone 14, 128GB, Midnight (AT&T / CRICKET) *moderate Wear* [0205]",https://www.ebay.com/itm/376960901589?nordt=true,https://i.ebayimg.com/images/g/em8AAeSwdzRpjpHt/s-l1600.jpg,20056257996
iphone-14,iPhone 14,Pre-Owned,3000,232.5,8.13,240.63,2026-08-03,buyItNow,"Apple iPhone 14 128GB, Blue",https://www.ebay.com/itm/257490121691?nordt=true,https://i.ebayimg.com/images/g/O~IAAeSwY5xp9~lE/s-l1600.jpg,11056248070
iphone-14,iPhone 14,Pre-Owned,3000,275.0,6.75,281.75,2026-08-03,buyItNow,Apple iPhone 14 - 128GB - Purple (Unlocked),https://www.ebay.com/itm/406812299940?nordt=true,https://i.ebayimg.com/images/g/BFUAAeSw63BpyV08/s-l1600.jpg,2327306603
iphone-14,iPhone 14,Pre-Owned,3000,184.99,,184.99,2026-08-03,buyItNow,Good - Apple iPhone 14 128GB - Midnight (AT&T ONLY - CAN'T UNLOCK) Free Shipping,https://www.ebay.com/itm/178371266079?nordt=true,https://i.ebayimg.com/images/g/20IAAOSwzO9nLUXv/s-l1600.jpg,20056257996
iphone-14,iPhone 14,Pre-Owned,3000,260.0,,260.0,2026-08-03,buyItNow,Unlocked Apple iPhone 14 Blue 128GB Mint Condition,https://www.ebay.com/itm/188382909748?nordt=true,https://i.ebayimg.com/images/g/lCEAAeSwwSZqBf6p/s-l1600.jpg,11056248070
iphone-14,iPhone 14,Pre-Owned,3000,250.49,,250.49,2026-08-03,buyItNow,Apple iPhone 14 A2649 Unlocked 128GB Starlight B-,https://www.ebay.com/itm/196904229379?nordt=true,https://i.ebayimg.com/images/g/ycYAAOSwK51nZdvG/s-l1600.jpg,2327306558
iphone-14,iPhone 14,Pre-Owned,3000,209.47,,209.47,2026-08-03,buyItNow,Apple iPhone 14 A2649 T-Mobile Only 128GB Purple C-,https://www.ebay.com/itm/197270919503?nordt=true,https://i.ebayimg.com/images/g/PFcAAeSwkmdoEo1B/s-l1600.jpg,14056251723
iphone-14,iPhone 14,Pre-Owned,3000,59.99,6.58,66.57,2026-08-04,buyItNow,Apple iPhone 14 Midnight Black - Parts Only! Read Description!,https://www.ebay.com/itm/158155331822?nordt=true,https://i.ebayimg.com/images/g/zdEAAeSwFdNqcou1/s-l1600.jpg,
iphone-14,iPhone 14,Pre-Owned,3000,259.99,,259.99,2026-08-04,buyItNow,Unlocked Apple iPhone 14 128GB 26.2 Purple MPUX3LL/A,https://www.ebay.com/itm/318672581684?nordt=true,https://i.ebayimg.com/images/g/8O8AAeSwfwRqcMOx/s-l1600.jpg,
iphone-14,iPhone 14,Pre-Owned,3000,180.0,,180.0,2026-08-04,buyItNow,Apple iPhone 14 128GB - Midnight | locked to T-Mobile | Fair Condition,https://www.ebay.com/itm/137586746663?nordt=true,https://i.ebayimg.com/images/g/41IAAeSwto1p4C2J/s-l1600.jpg,3056262026
iphone-14,iPhone 14,Pre-Owned,3000,275.0,6.37,281.37,2026-08-04,buyItNow,Apple iPhone 14 A2649 128GB Unlocked MPUA3LL/A - Very Good condition,https://www.ebay.com/itm/366584122328?nordt=true,https://i.ebayimg.com/images/g/gRcAAeSwo9lqcQLo/s-l1600.jpg,20056257992
iphone-14,iPhone 14,Pre-Owned,3000,215.0,6.17,221.17,2026-08-04,buyItNow,Apple iPhone 14 128GB Black iOS 12MP Dual Rear Camera Battery Health 87%,https://www.ebay.com/itm/800406999952?nordt=true,https://i.ebayimg.com/images/g/2lgAAeSwYJFqZRJ2/s-l1600.jpg,20056257992
iphone-14,iPhone 14,Pre-Owned,3000,199.99,8.99,208.98,2026-08-04,buyItNow,Apple iPhone 14 - 128 GB - Midnight (Unlocked),https://www.ebay.com/itm/318678285716?nordt=true,https://i.ebayimg.com/images/g/j7wAAeSw9ZVqckHZ/s-l1600.jpg,20056257992
iphone-14,iPhone 14,Pre-Owned,3000,199.99,8.99,208.98,2026-08-04,buyItNow,Apple iPhone 14 - 128 GB - Midnight (Unlocked),https://www.ebay.com/itm/800461649007?nordt=true,https://i.ebayimg.com/images/g/ByIAAeSwdJpqcj-o/s-l1600.jpg,20056257992
iphone-14,iPhone 14,Pre-Owned,3000,184.99,,184.99,2026-08-04,buyItNow,Good - Apple iPhone 14 128GB - Midnight (AT&T ONLY - CAN'T UNLOCK) Free Shipping,https://www.ebay.com/itm/178374596518?nordt=true,https://i.ebayimg.com/images/g/20IAAOSwzO9nLUXv/s-l1600.jpg,20056257996
iphone-14,iPhone 14,Pre-Owned,3000,215.0,6.8,221.8,2026-08-04,buyItNow,Apple iPhone 14 128GB UNLOCKED Black iOS Smartphone Bar Style 12MP Dual Rear,https://www.ebay.com/itm/336726324236?nordt=true,https://i.ebayimg.com/images/g/Uj8AAeSwNRxqclNf/s-l1600.jpg,20056257992
iphone-14,iPhone 14,Pre-Owned,3000,302.0,,302.0,2026-08-04,auction,Apple iPhone 14 Blue 128GB A2649 (MPVH3LL/A) - Unlocked | MINT Condition,https://www.ebay.com/itm/287489821679?nordt=true,https://i.ebayimg.com/images/g/O4QAAeSwAY9qZ8FQ/s-l1600.jpg,11056248070
iphone-14,iPhone 14,Pre-Owned,3000,235.06,8.13,243.19,2026-08-04,buyItNow,iphone 14 unlocked,https://www.ebay.com/itm/227462010897?nordt=true,https://i.ebayimg.com/images/g/Pc8AAeSw2Ohqchif/s-l1600.jpg,20056257992
iphone-14,iPhone 14,Pre-Owned,3000,155.0,8.62,163.62,2026-08-04,buyItNow,Apple iPhone 14 128GB Blue Bar Smartphone 12MP Camera Built-In Memory,https://www.ebay.com/itm/257661884306?nordt=true,https://i.ebayimg.com/images/g/y7EAAeSwf79qcka8/s-l1600.jpg,
iphone-14,iPhone 14,Pre-Owned,3000,158.0,,158.0,2026-08-04,auctionWithBIN,Apple iPhone 14 Midnight Blue 128GB LOCKED A2649 MPUA3LL/A LVRW903FWV 99%,https://www.ebay.com/itm/158136132173?nordt=true,https://i.ebayimg.com/images/g/ZnUAAeSwPpdqVoZT/s-l1600.jpg,
iphone-14,iPhone 14,Pre-Owned,3000,208.99,,208.99,2026-08-04,buyItNow,Poor - Apple iPhone 14 128GB - Midnight (Unlocked) SEE NOTES - Free Shipping,https://www.ebay.com/itm/178374142169?nordt=true,https://i.ebayimg.com/images/g/2e4AAeSw6sVqQus2/s-l1600.jpg,20056257992
iphone-14,iPhone 14,Pre-Owned,3000,249.99,,249.99,2026-08-04,buyItNow,Good Condition - Apple iPhone 14 128GB Black (UNLOCKED) - Free Shipping,https://www.ebay.com/itm/800460927410?nordt=true,https://i.ebayimg.com/images/g/NLEAAeSwOKhqchPL/s-l1600.jpg,20056257992
iphone-14,iPhone 14,Pre-Owned,3000,174.99,9.99,184.98,2026-08-04,buyItNow,Apple iPhone 14 Black 128 GB (AS IS) A2649,https://www.ebay.com/itm/257647577975?nordt=true,https://i.ebayimg.com/images/g/qXsAAeSwl-1qaPX6/s-l1600.jpg,
iphone-14,iPhone 14,Pre-Owned,3000,212.5,6.57,219.07,2026-08-04,auction,Apple iPhone 14 - 128 GB - Starlight (AT&T),https://www.ebay.com/itm/168563145716?nordt=true,https://i.ebayimg.com/images/g/wKIAAeSwBFtqZNzo/s-l1600.jpg,22056258238
iphone-14,iPhone 14,Pre-Owned,3000,242.5,6.5,249.0,2026-08-04,auction,Apple iPhone 14 128GB Midnight A2649 MPUA3LL/A Unlocked,https://www.ebay.com/itm/366571047370?nordt=true,https://i.ebayimg.com/images/g/opYAAeSwms5qaMuD/s-l1600.jpg,20056257992
iphone-14,iPhone 14,Pre-Owned,3000,250.0,,250.0,2026-08-04,buyItNow,Apple iPhone 14 - 128 GB - Starlight (Unlocked),https://www.ebay.com/itm/168588317818?nordt=true,https://i.ebayimg.com/images/g/q54AAeSwAbdqcfuu/s-l1600.jpg,2327306558
iphone-14,iPhone 14,Pre-Owned,3000,289.95,,289.95,2026-08-04,buyItNow,Apple iPhone 14 128GB Blue - (Unlocked),https://www.ebay.com/itm/168576586661?nordt=true,https://i.ebayimg.com/images/g/cz0AAeSwFKNqbAbF/s-l1600.jpg,11056248070
iphone-14,iPhone 14,Pre-Owned,3000,269.99,,269.99,2026-08-04,buyItNow,"Apple iPhone 14 A2649 128GB, Unlocked, 6.1 in - Midnight",https://www.ebay.com/itm/168588016230?nordt=true,https://i.ebayimg.com/images/g/SZkAAeSw5oRqceAE/s-l1600.jpg,20056257992
iphone-14,iPhone 14,Pre-Owned,3000,250.49,,250.49,2026-08-04,buyItNow,Apple iPhone 14 A2649 Unlocked 128GB Blue B-,https://www.ebay.com/itm/186829852230?nordt=true,https://i.ebayimg.com/images/g/MQsAAOSwezZnU76Y/s-l1600.jpg,11056248070
iphone-14,iPhone 14,Pre-Owned,3000,167.5,,167.5,2026-08-04,auctionWithBIN,Apple iPhone 14 Midnight Blue 128GB LOCKED A2649 MPUA3LL/A M4G4QJF93W,https://www.ebay.com/itm/168575338709?nordt=true,https://i.ebayimg.com/images/g/gc0AAeSwsHRqVl3u/s-l1600.jpg,
iphone-14,iPhone 14,Pre-Owned,3000,220.0,7.22,227.22,2026-08-04,buyItNow,"Apple iPhone 14 Unlocked, 128GB, Midnight Black Used Good Condition",https://www.ebay.com/itm/358882808409?nordt=true,https://i.ebayimg.com/images/g/7TYAAeSwtWFqcerX/s-l1600.jpg,17072580812
iphone-14,iPhone 14,Pre-Owned,3000,259.99,,259.99,2026-08-04,buyItNow,Apple iPhone 14 128GB Unlocked Fair Condition - All Colors,https://www.ebay.com/itm/296129357863?nordt=true,https://i.ebayimg.com/images/g/s10AAOSwPPplixa3/s-l1600.jpg,20056257992
iphone-14,iPhone 14,Pre-Owned,3000,229.99,,229.99,2026-08-04,buyItNow,Apple iPhone 14 A2649 128GB Midnight Black Network Unlocked *Heavy Screen Scratc,https://www.ebay.com/itm/266718490550?nordt=true,https://i.ebayimg.com/images/g/9W8AAeSwCupo8OKb/s-l1600.jpg,20056257992
iphone-14,iPhone 14,Pre-Owned,3000,187.5,8.13,195.63,2026-08-04,auction,Apple iPhone 14 128GB White Unlocked Clean MPUN3LL/A,https://www.ebay.com/itm/206447895415?nordt=true,https://i.ebayimg.com/images/g/jPUAAeSwt-ZqS55o/s-l1600.jpg,2327306558
iphone-14,iPhone 14,Pre-Owned,3000,175.0,14.51,189.51,2026-08-04,auction,Apple iPhone 14 128GB Blue iOS Bar Smartphone for T-Mobile (Used),https://www.ebay.com/itm/206447686650?nordt=true,https://i.ebayimg.com/images/g/tW4AAeSwvdxqWSGb/s-l1600.jpg,23056266532
iphone-14,iPhone 14,Pre-Owned,3000,234.0,,234.0,2026-08-04,buyItNow,"Apple iPhone 14 - Unlocked Verizon - 128GB 256GB 512GB - Red, Starlight",https://www.ebay.com/itm/800107419021?nordt=true,https://i.ebayimg.com/images/g/SZIAAeSwEg9qHc8A/s-l1600.jpg,20056257992
iphone-14,iPhone 14,Pre-Owned,3000,239.99,,239.99,2026-08-04,buyItNow,Apple iPhone 14 A2649 Unlocked 128GB Midnight C,https://www.ebay.com/itm/196477507372?nordt=true,https://i.ebayimg.com/images/g/xoIAAOSwTjtmgwdB/s-l1600.jpg,20056257992
iphone-14,iPhone 14,Pre-Owned,3000,239.99,,239.99,2026-08-04,buyItNow,Apple iPhone 14 A2649 Unlocked 128GB Blue C,https://www.ebay.com/itm/196479055135?nordt=true,https://i.ebayimg.com/images/g/YasAAOSwHmxmhAoh/s-l1600.jpg,11056248070
iphone-14,iPhone 14,Pre-Owned,3000,229.0,,229.0,2026-08-04,buyItNow,"Apple iPhone 14 128GB/512GB - Unlocked, Verizon, AT&T, T-Mobile - Free Shipping",https://www.ebay.com/itm/800102734142?nordt=true,https://i.ebayimg.com/images/g/JhwAAeSwv4RqHLsQ/s-l1600.jpg,
iphone-14,iPhone 14,Parts Only,7000,129.95,,129.95,2026-07-29,buyItNow,Apple iPhone 14 128GB Blue Unlocked Black Screen Bad LCD For Parts Read,https://www.ebay.com/itm/336712456271?nordt=true,https://i.ebayimg.com/images/g/yKgAAeSwARVqWON3/s-l1600.jpg,11056248070
iphone-14,iPhone 14,Parts Only,7000,214.99,,214.99,2026-07-30,buyItNow,Apple iPhone 14 - 256GB - Unlocked - DAMAGED,https://www.ebay.com/itm/267734463736?nordt=true,https://i.ebayimg.com/images/g/AzMAAeSwROhqX5oF/s-l1600.jpg,14056251682
iphone-14,iPhone 14,Parts Only,7000,140.0,,140.0,2026-08-03,buyItNow,Apple iPhone 14 128 GB Midnight Cracked Screen T-mobile Carrier Locked,https://www.ebay.com/itm/198543319986?nordt=true,https://i.ebayimg.com/images/g/7wQAAeSwa3tqcBDM/s-l1600.jpg,20056257996
iphone-14,iPhone 14,Parts Only,7000,249.99,,249.99,2026-08-03,buyItNow,Apple iPhone 14 256GB Factory Unlocked Purple (Cracked) #24160,https://www.ebay.com/itm/377293225506?nordt=true,https://i.ebayimg.com/images/g/Vf8AAeSw8eppnUxP/s-l1600.jpg,15056259315
iphone-14,iPhone 14,Parts Only,7000,199.95,,199.95,2026-08-04,buyItNow,Apple iPhone 14 - 128 GB - Yellow (Unlocked) As Is (Read Desc),https://www.ebay.com/itm/318678070640?nordt=true,https://i.ebayimg.com/images/g/Tw4AAeSwOgVqPytv/s-l1600.jpg,20059238253
iphone-14,iPhone 14,Good - Refurbished,2030,248.99,,248.99,2026-08-03,buyItNow,Apple iPhone 14 128GB Unlocked eSim Only A2649 Midnight MPUA3LL/A Good,https://www.ebay.com/itm/147295826319?nordt=true,https://i.ebayimg.com/images/g/5fYAAOSwtBJnc8KQ/s-l1600.jpg,20056257992
iphone-14,iPhone 14,Very Good - Refurbished,2020,279.99,,279.99,2026-08-03,buyItNow,"Apple iPhone 14 6.1"" 128GB 256GB 512GB Unlocked All Colors - Very Good Condition",https://www.ebay.com/itm/147105416777?nordt=true,https://i.ebayimg.com/images/g/wN8AAeSwEF5pcAcA/s-l1600.jpg,11056248070
iphone-14,iPhone 14,Excellent - Refurbished,2010,352.09,,352.09,2026-08-03,buyItNow,Apple iPhone 14 256GB Factory Unlocked AT&T T-Mobile Verizon Excellent Condition,https://www.ebay.com/itm/304789955111?nordt=true,https://i.ebayimg.com/images/g/cYQAAeSwTo5qKZaT/s-l1600.jpg,
iphone-14,iPhone 14,Excellent - Refurbished,2010,294.99,,294.99,2026-08-03,buyItNow,"Apple iPhone 14 128GB 6.1"" Fully Unlocked - 100% Functional - Excellent",https://www.ebay.com/itm/406809981352?nordt=true,https://i.ebayimg.com/images/g/rRwAAeSwm5Bp4l0O/s-l1600.jpg,2327306603
iphone-14,iPhone 14,Brand New,1000,379.99,,379.99,2026-08-03,buyItNow,New Apple iPhone 14 A2649 128GB Factory Unlocked All Mobile Carriers and Colors,https://www.ebay.com/itm/306493655842?nordt=true,https://i.ebayimg.com/images/g/j50AAeSwoVhowsjU/s-l1600.jpg,
iphone-14,iPhone 14,Very Good - Refurbished,2020,321.59,,321.59,2026-08-03,buyItNow,Apple iPhone 14 256GB - Fully Unlocked - VERY GOOD Condition,https://www.ebay.com/itm/226516302355?nordt=true,https://i.ebayimg.com/images/g/Z9wAAOSwveBninPo/s-l1600.jpg,5056262904
iphone-14,iPhone 14,Open Box,1500,333.99,,333.99,2026-08-03,buyItNow,Apple iPhone 14 A2649 128GB Factory Unlocked All Carriers 1 Yr Warranty,https://www.ebay.com/itm/397382450202?nordt=true,https://i.ebayimg.com/images/g/j50AAeSwoVhowsjU/s-l1600.jpg,
iphone-14,iPhone 14,Excellent - Refurbished,2010,326.97,,326.97,2026-08-03,buyItNow,"Apple iPhone 14, 128GB, Network Unlocked - Excellent Condition",https://www.ebay.com/itm/355095079593?nordt=true,https://i.ebayimg.com/images/g/t4gAAOSwm-1lJIwm/s-l1600.jpg,20056257992
iphone-14,iPhone 14,Very Good - Refurbished,2020,294.91,,294.91,2026-08-03,buyItNow,Apple iPhone 14 128GB Factory Unlocked AT&T T-Mobile Verizon Very Good Condition,https://www.ebay.com/itm/295504908552?nordt=true,https://i.ebayimg.com/images/g/Oo4AAeSwyWFqKZZC/s-l1600.jpg,11056248070
iphone-14,iPhone 14,Very Good - Refurbished,2020,333.27,,333.27,2026-08-03,buyItNow,Apple iPhone 14 256GB Factory Unlocked AT&T T-Mobile Verizon Very Good Condition,https://www.ebay.com/itm/295504908589?nordt=true,https://i.ebayimg.com/images/g/XG8AAeSwQqFqKZaz/s-l1600.jpg,
iphone-14,iPhone 14,Excellent - Refurbished,2010,302.99,,302.99,2026-08-03,buyItNow,Apple iPhone 14 128GB - 5G Fully Unlocked  - EXCELLENT Condition,https://www.ebay.com/itm/326422597792?nordt=true,https://i.ebayimg.com/images/g/uOMAAOSwLjtninPj/s-l1600.jpg,8056260057
iphone-14,iPhone 14,Brand New,1000,395.0,6.79,401.79,2026-08-04,buyItNow,Apple iPhone 14 - 128 GB - Midnight (Unlocked),https://www.ebay.com/itm/168586536311?nordt=true,https://i.ebayimg.com/images/g/B-gAAeSwNRxqcRMd/s-l1600.jpg,20056257992
iphone-14,iPhone 14,Open Box,1500,327.55,,327.55,2026-08-04,buyItNow,Apple iPhone 14  128 GB Midnight (Fully Unlocked) 98% Original Bat NEW OTHER,https://www.ebay.com/itm/158140048927?nordt=true,https://i.ebayimg.com/images/g/QBsAAeSwD8Npn2w3/s-l1600.jpg,20056257992
iphone-14,iPhone 14,Open Box,1500,322.55,,322.55,2026-08-04,buyItNow,Apple iPhone 14  128 GB Midnight (Unlocked) 96% Original Bat NEW OTHER,https://www.ebay.com/itm/168578388074?nordt=true,https://i.ebayimg.com/images/g/AzkAAeSwIj9pn2w3/s-l1600.jpg,20056257992
iphone-14,iPhone 14,Open Box,1500,349.0,6.57,355.57,2026-08-04,buyItNow,Apple iPhone 14 - 128 GB - Midnight (T-Mobile)METRO PCS,https://www.ebay.com/itm/158119607251?nordt=true,https://i.ebayimg.com/images/g/VAMAAeSwRydqZSa5/s-l1600.jpg,3056262026
iphone-14,iPhone 14,Very Good - Refurbished,2020,286.95,,286.95,2026-08-04,buyItNow,Apple iPhone 14 128GB Unlocked - Very Good,https://www.ebay.com/itm/386156949904?nordt=true,https://i.ebayimg.com/images/g/7lIAAOSwy4dkW9k4/s-l1600.jpg,20056257992
iphone-14,iPhone 14,Good - Refurbished,2030,299.99,,299.99,2026-08-04,buyItNow,Apple iPhone 14 128GB Unlocked Good Condition - All Colors,https://www.ebay.com/itm/276217865719?nordt=true,https://i.ebayimg.com/images/g/MRAAAOSweTtlczuj/s-l1600.jpg,20056257992
iphone-14,iPhone 14,Very Good - Refurbished,2020,297.59,,297.59,2026-08-04,buyItNow,Apple iPhone 14 128GB - 5G Fully Unlocked - VERY GOOD Condition,https://www.ebay.com/itm/226447947273?nordt=true,https://i.ebayimg.com/images/g/uOMAAOSwLjtninPj/s-l1600.jpg,8056260057
iphone-14,iPhone 14,Open Box,1500,319.88,,319.88,2026-08-04,buyItNow,Apple iPhone 14 (5G) 512GB | 256GB | 128GB | GSM+CDMA Factory Unlocked,https://www.ebay.com/itm/365399448706?nordt=true,https://i.ebayimg.com/images/g/NNIAAOSwt9dnr41E/s-l1600.jpg,
iphone-14,iPhone 14,Excellent - Refurbished,2010,269.48,,269.48,2026-08-04,buyItNow,Apple iPhone 14 -5G - 128GB Factory Unlocked GSM + CDMA - EXCELLENT,https://www.ebay.com/itm/116619563010?nordt=true,https://i.ebayimg.com/images/g/JlgAAOSwZYBoDT97/s-l1600.jpg,8056260057
iphone-14,iPhone 14,Good - Refurbished,2030,249.95,,249.95,2026-08-04,buyItNow,Apple iPhone 14 128GB Midnight A2649 MPUA3LL/A Unlocked Clean ESN Good (AMX),https://www.ebay.com/itm/198263100155?nordt=true,https://i.ebayimg.com/images/g/kJcAAOSwLYhlU2p8/s-l1600.jpg,20056257992
iphone-14,iPhone 14,Very Good - Refurbished,2020,285.0,,285.0,2026-08-04,buyItNow,Apple iPhone 14 128GB Factory Unlocked Very Good,https://www.ebay.com/itm/168298173379?nordt=true,https://i.ebayimg.com/images/g/QaMAAeSwQp1p2pwH/s-l1600.jpg,2327306603
iphone-14,iPhone 14,Very Good - Refurbished,2020,297.99,,297.99,2026-08-04,buyItNow,Apple iPhone 14 128GB Network Unlocked Very Good Condition,https://www.ebay.com/itm/355095070816?nordt=true,https://i.ebayimg.com/images/g/xSYAAOSwLd5lJIrP/s-l1600.jpg,8056260057
iphone-14,iPhone 14,Brand New,1000,389.95,,389.95,2026-08-04,buyItNow,APPLE IPHONE 14 - 128GB 256GB (FACTORY UNLOCKED) 100% BATTERY ⚫⚪🔴🔵 ✤SEALED✤,https://www.ebay.com/itm/225396639541?nordt=true,https://i.ebayimg.com/images/g/LCQAAOSwGfplHIJq/s-l1600.jpg,20056257992
iphone-14,iPhone 14,Good - Refurbished,2030,321.05,24.19,345.24,2026-08-04,buyItNow,Apple iPhone 14 128GB 256GB 512GB Unlocked All Colours - Good,https://www.ebay.com/itm/297665354206?nordt=true,https://i.ebayimg.com/images/g/u-sAAeSw2fBogOB7/s-l1600.jpg,8056260093
iphone-14,iPhone 14,Excellent - Refurbished,2010,272.79,,272.79,2026-08-04,buyItNow,Apple iPhone 14 128GB 256GB 512GB Verizon AT&T T-Mobile Unlocked (Excellent),https://www.ebay.com/itm/286910057595?nordt=true,https://i.ebayimg.com/images/g/8VgAAeSwkp9pczAP/s-l1600.jpg,20056257996
iphone-14,iPhone 14,Good - Refurbished,2030,269.99,,269.99,2026-08-04,buyItNow,Apple iPhone 14 A2649 Unlocked 128GB Red Good,https://www.ebay.com/itm/176484875792?nordt=true,https://i.ebayimg.com/images/g/8n4AAOSwNIRmntPr/s-l1600.jpg,8056260057
iphone-14,iPhone 14,Brand New,1000,9.34,9.4,18.74,2026-08-04,buyItNow,Gorilla Heavy Duty Shockproof Case iPhone 17 16 15 14 13 12 11 7 8 Full Cover,https://www.ebay.com/itm/277666913399?nordt=true,https://i.ebayimg.com/images/g/rB4AAeSwJDZo5Tmb/s-l1600.jpg,
iphone-14,iPhone 14,Open Box,1500,368.95,,368.95,2026-08-04,buyItNow,Apple iPhone 14 256GB Factory Unlocked All A2649 All Colors Excellent In-Box,https://www.ebay.com/itm/267010871934?nordt=true,https://i.ebayimg.com/images/g/LwsAAOSw2AZm-vRf/s-l1600.jpg,5056262935
iphone-14,iPhone 14,Excellent - Refurbished,2010,227.0,,227.0,2026-08-04,buyItNow,Apple iPhone 14 128GB Purple -UNLOCKED - Read Seller Notes,https://www.ebay.com/itm/128002307299?nordt=true,https://i.ebayimg.com/images/g/7IwAAeSwf4Jqa4DR/s-l1600.jpg,2327306603
iphone-13,iPhone 13,Pre-Owned,3000,259.99,,259.99,2026-07-28,buyItNow,Unlocked Apple iPhone 13 128GB 26.5 Midnight MLA23LL/A,https://www.ebay.com/itm/117322018916?nordt=true,https://i.ebayimg.com/images/g/-XkAAeSw7dlqWW-3/s-l1600.jpg,11049276145
iphone-13,iPhone 13,Pre-Owned,3000,209.99,,209.99,2026-07-29,buyItNow,Apple iPhone 13 - 128 GB - Midnight (Unlocked) - GRADE C,https://www.ebay.com/itm/267735565231?nordt=true,https://i.ebayimg.com/images/g/kYUAAeSwVuhqT-oA/s-l1600.jpg,11049276145
iphone-13,iPhone 13,Pre-Owned,3000,134.99,,134.99,2026-07-31,buyItNow,DROPPED APPLE IPHONE 13 128GB VERIZON UNLOCKED TMOBILE BOOST SPECTRUM 87% BATT,https://www.ebay.com/itm/158137750597?nordt=true,https://i.ebayimg.com/images/g/odQAAeSw7ehqbDFW/s-l1600.jpg,13072722279
iphone-13,iPhone 13,Pre-Owned,3000,199.99,,199.99,2026-07-31,buyItNow,Factory Unlocked Apple iPhone 13 128GB Midnight MMM63LL/A,https://www.ebay.com/itm/117333135391?nordt=true,https://i.ebayimg.com/images/g/XL4AAeSwOKhqbN~z/s-l1600.jpg,11049276145
iphone-13,iPhone 13,Pre-Owned,3000,205.99,,205.99,2026-08-03,buyItNow,Apple iPhone 13 - 128 GB (Unlocked) - GRADE D,https://www.ebay.com/itm/267744466813?nordt=true,https://i.ebayimg.com/images/g/zJMAAeSwihxqbYrs/s-l1600.jpg,11049276145
iphone-13,iPhone 13,Pre-Owned,3000,219.99,,219.99,2026-08-03,buyItNow,Unlocked Apple iPhone 13 128GB 26.5.2 Midnight MLML3LL/A,https://www.ebay.com/itm/366579547578?nordt=true,https://i.ebayimg.com/images/g/ReIAAeSwiBtqbjp5/s-l1600.jpg,
iphone-13,iPhone 13,Pre-Owned,3000,223.99,,223.99,2026-08-03,buyItNow,Apple iPhone 13 A2482 Unlocked 128GB Blue C,https://www.ebay.com/itm/186531815655?nordt=true,https://i.ebayimg.com/images/g/8BMAAOSw74pmgxNi/s-l1600.jpg,22049282568
iphone-13,iPhone 13,Pre-Owned,3000,221.0,12.0,233.0,2026-08-03,buyItNow,"Apple iPhone 13 MLML3LL/A 128GB, Unlocked Black",https://www.ebay.com/itm/137582167726?nordt=true,https://i.ebayimg.com/images/g/hqoAAeSwRydqcOkQ/s-l1600.jpg,11049276145
iphone-13,iPhone 13,Pre-Owned,3000,134.99,,134.99,2026-08-03,buyItNow,DROPPED APPLE IPHONE 13 128GB VERIZON UNLOCKED TMOBILE BOOST SPECTRUM 87% BATT,https://www.ebay.com/itm/158137463440?nordt=true,https://i.ebayimg.com/images/g/ITUAAeSwWEBqbBRm/s-l1600.jpg,13072722279
iphone-13,iPhone 13,Pre-Owned,3000,249.99,,249.99,2026-08-03,buyItNow,Apple iPhone 13 A2482 128GB Midnight Unlocked,https://www.ebay.com/itm/188714194331?nordt=true,https://i.ebayimg.com/images/g/XBIAAeSwRT1qaoI8/s-l1600.jpg,11049276145
iphone-13,iPhone 13,Pre-Owned,3000,250.0,,250.0,2026-08-03,buyItNow,Unlocked Apple iPhone 13 128GB A2482 MLML3LL/A Black 100% Battery Health,https://www.ebay.com/itm/407117278835?nordt=true,https://i.ebayimg.com/images/g/mXsAAeSwPFVqcMFv/s-l1600.jpg,11049276145
iphone-13,iPhone 13,Pre-Owned,3000,199.0,8.07,207.07,2026-08-03,buyItNow,Apple iPhone 13 - 128 GB  (Unlocked),https://www.ebay.com/itm/257642391284?nordt=true,https://i.ebayimg.com/images/g/VboAAeSwxMpqZW0h/s-l1600.jpg,
iphone-13,iPhone 13,Pre-Owned,3000,130.0,10.43,140.43,2026-08-03,buyItNow,"Used iPhone 13, Factory Reset and Unlocked",https://www.ebay.com/itm/198545918236?nordt=true,https://i.ebayimg.com/images/g/H7IAAeSw0sdqYZvZ/s-l1600.jpg,11049276145
iphone-13,iPhone 13,Pre-Owned,3000,200.0,8.13,208.13,2026-08-04,buyItNow,iphone 13 unlocked,https://www.ebay.com/itm/178374395886?nordt=true,https://i.ebayimg.com/images/g/Im8AAeSwD-BqckI9/s-l1600.jpg,12052764234
iphone-13,iPhone 13,Pre-Owned,3000,173.1,7.22,180.32,2026-08-04,auctionWithBIN,Apple iPhone 13 128GB Black iOS Smartphone 12MP Camera Straighttalk Wireless,https://www.ebay.com/itm/336714111660?nordt=true,https://i.ebayimg.com/images/g/1wMAAeSwGjJqaVLc/s-l1600.jpg,11049276145
iphone-13,iPhone 13,Pre-Owned,3000,225.0,6.57,231.57,2026-08-04,buyItNow,Apple iPhone 13 - 128 GB - Midnight (Unlocked),https://www.ebay.com/itm/287503946224?nordt=true,https://i.ebayimg.com/images/g/XdgAAeSwqmpqcoFh/s-l1600.jpg,11049276145
iphone-13,iPhone 13,Pre-Owned,3000,110.0,6.07,116.07,2026-08-04,auction,Apple iPhone 13 128GB Black A2482 Unlocked iOS Smartphone w/ Box,https://www.ebay.com/itm/307106494108?nordt=true,https://i.ebayimg.com/images/g/uwUAAeSwcUpqce7t/s-l1600.jpg,11049276145
iphone-13,iPhone 13,Pre-Owned,3000,200.0,,200.0,2026-08-04,buyItNow,Apple iPhone 13 128GB - Midnight | Unlocked | Fair Condition,https://www.ebay.com/itm/158155152507?nordt=true,https://i.ebayimg.com/images/g/6rEAAeSwSx9p4Cqs/s-l1600.jpg,
iphone-13,iPhone 13,Pre-Owned,3000,190.0,15.0,205.0,2026-08-04,buyItNow,apple iphone 13 unlocked 128gb Excellent Condition Black 97% Battery Health,https://www.ebay.com/itm/178374486522?nordt=true,https://i.ebayimg.com/images/g/e4gAAeSwFrNqIK5Y/s-l1600.jpg,11049276145
iphone-13,iPhone 13,Pre-Owned,3000,250.0,6.0,256.0,2026-08-04,buyItNow,Apple iPhone 13 128GB Fully Unlocked - Very Good - 97% Battery Health,https://www.ebay.com/itm/398247375294?nordt=true,https://i.ebayimg.com/images/g/9d8AAeSwflRqcV9j/s-l1600.jpg,7049287499
iphone-13,iPhone 13,Pre-Owned,3000,219.99,14.1,234.09,2026-08-04,buyItNow,Apple iPhone 13 128GB midnight  5G Unlocked Dual SIM (SIM+eSIM) MMM63LL/A,https://www.ebay.com/itm/298546107198?nordt=true,https://i.ebayimg.com/images/g/G98AAeSw2S9qa9nz/s-l1600.jpg,11049276145
iphone-13,iPhone 13,Pre-Owned,3000,209.99,6.68,216.67,2026-08-04,buyItNow,Apple iPhone 13 128GB Black Unlocked Used Read Description,https://www.ebay.com/itm/206451213644?nordt=true,https://i.ebayimg.com/images/g/-18AAeSwSApqan5E/s-l1600.jpg,11049276145
iphone-13,iPhone 13,Pre-Owned,3000,185.0,5.99,190.99,2026-08-04,buyItNow,Apple iPhone 13 128GB White Smartphone with extras included,https://www.ebay.com/itm/198547894699?nordt=true,https://i.ebayimg.com/images/g/BWoAAeSwZlJqcma2/s-l1600.jpg,8049288614
iphone-13,iPhone 13,Pre-Owned,3000,250.0,8.13,258.13,2026-08-04,auction,iphone 13 128gb unlocked,https://www.ebay.com/itm/257662113216?nordt=true,https://i.ebayimg.com/images/g/a2oAAeSwK8xqcmbu/s-l1600.jpg,10049287446
iphone-13,iPhone 13,Pre-Owned,3000,200.0,6.95,206.95,2026-08-04,buyItNow,Apple iPhone 13 128GB Unlocked Blue,https://www.ebay.com/itm/407120556921?nordt=true,https://i.ebayimg.com/images/g/ufwAAeSwErFqclhz/s-l1600.jpg,22049282568
iphone-13,iPhone 13,Pre-Owned,3000,179.99,,179.99,2026-08-04,buyItNow,Apple iPhone 13 - 128 GB - Forest Green ATT Only,https://www.ebay.com/itm/168584052070?nordt=true,https://i.ebayimg.com/images/g/SvsAAeSw75Zqb9d6/s-l1600.jpg,3052778279
iphone-13,iPhone 13,Pre-Owned,3000,229.08,6.99,236.07,2026-08-04,buyItNow,Factory Unlocked Apple iPhone 13 128GB Black ML93LL/A,https://www.ebay.com/itm/267714010260?nordt=true,https://i.ebayimg.com/images/g/IogAAeSwENBqRDxo/s-l1600.jpg,11049276145
iphone-13,iPhone 13,Pre-Owned,3000,196.41,,196.41,2026-08-04,buyItNow,APPLE A2482 iPhone 13 Cell Phone 128GB Starlight SEE NOTES,https://www.ebay.com/itm/336476605627?nordt=true,https://i.ebayimg.com/images/g/iV0AAeSw7dlqcKxu/s-l1600.jpg,8049288614
iphone-13,iPhone 13,Pre-Owned,3000,250.0,6.57,256.57,2026-08-04,buyItNow,Apple iPhone 13 - 128 GB - Midnight (Unlocked),https://www.ebay.com/itm/287503563179?nordt=true,https://i.ebayimg.com/images/g/TTwAAeSwAY9qckD8/s-l1600.jpg,11049276145
iphone-13,iPhone 13,Pre-Owned,3000,239.95,,239.95,2026-08-04,buyItNow,Apple iPhone 13 - 128 GB - Blue (Factory Unlocked) A2482 - Works - 95% Bat,https://www.ebay.com/itm/178374318369?nordt=true,https://i.ebayimg.com/images/g/zfAAAeSw8vVqcjsW/s-l1600.jpg,
iphone-13,iPhone 13,Pre-Owned,3000,180.0,8.13,188.13,2026-08-04,buyItNow,"Apple iPhone 13  128g Smartphone Might Night Black , AT&T, T-mobile.",https://www.ebay.com/itm/278247519111?nordt=true,https://i.ebayimg.com/images/g/fXgAAeSw0VtqckXZ/s-l1600.jpg,
iphone-13,iPhone 13,Pre-Owned,3000,194.36,159.5,353.86,2026-08-04,buyItNow,Apple iPhone 13 - 128 GB - Pink (Unlocked),https://www.ebay.com/itm/227412937489?nordt=true,https://i.ebayimg.com/images/g/PeYAAeSwBUpqRhIe/s-l1600.jpg,7049287412
iphone-13,iPhone 13,Pre-Owned,3000,250.0,6.57,256.57,2026-08-04,buyItNow,Apple iPhone 13 - 128 GB - Midnight (Unlocked),https://www.ebay.com/itm/287503494842?nordt=true,https://i.ebayimg.com/images/g/EFAAAeSwihxqcjY-/s-l1600.jpg,11049276145
iphone-13,iPhone 13,Pre-Owned,3000,149.99,,149.99,2026-08-04,buyItNow,Poor Condition - Apple iPhone 13 128GB Black (T-Mobile ONLY) - Free Shipping,https://www.ebay.com/itm/800461005191?nordt=true,https://i.ebayimg.com/images/g/wxYAAeSw6wpqchqu/s-l1600.jpg,14064993588
iphone-13,iPhone 13,Pre-Owned,3000,175.0,8.75,183.75,2026-08-04,buyItNow,iPhone 13 128GB,https://www.ebay.com/itm/236985002126?nordt=true,https://i.ebayimg.com/images/g/hgAAAeSwvw1qcjy6/s-l1600.jpg,14064993588
iphone-13,iPhone 13,Pre-Owned,3000,170.0,19.73,189.73,2026-08-04,auction,Apple iPhone 13 128GB Blue. Everything Working,https://www.ebay.com/itm/128002489284?nordt=true,https://i.ebayimg.com/images/g/a7AAAeSwINxqYsck/s-l1600.jpg,22049282568
iphone-13,iPhone 13,Pre-Owned,3000,220.0,6.57,226.57,2026-08-04,buyItNow,Apple iPhone 13 - 128 GB - Midnight (Unlocked),https://www.ebay.com/itm/178365548193?nordt=true,https://i.ebayimg.com/images/g/JB0AAeSw0-xqbtnf/s-l1600.jpg,11049276145
iphone-13,iPhone 13,Pre-Owned,3000,229.38,3.99,233.37,2026-08-04,buyItNow,Apple iPhone 13 128GB Midnight A2482 (Unlocked) 80% to 89% Battery Health DG8835,https://www.ebay.com/itm/278244297484?nordt=true,https://i.ebayimg.com/images/g/kAYAAeSwiXBqLEdq/s-l1600.jpg,11049276145
iphone-13,iPhone 13,Pre-Owned,3000,110.0,9.14,119.14,2026-08-04,auction,*PLEASE READ* iPhone 13 – Fully Functional – Remote Management Lock on Reset,https://www.ebay.com/itm/307106486823?nordt=true,https://i.ebayimg.com/images/g/reoAAeSwDB5qcezn/s-l1600.jpg,11049276145
iphone-13,iPhone 13,Pre-Owned,3000,216.75,,216.75,2026-08-04,buyItNow,Apple iPhone 13 2021 GSM+CDMA 128GB Midnight A2482 Unlocked - Grade B,https://www.ebay.com/itm/178351752765?nordt=true,https://i.ebayimg.com/images/g/rpYAAeSwcUpqaOU8/s-l1600.jpg,
iphone-13,iPhone 13,Pre-Owned,3000,269.99,,269.99,2026-08-04,buyItNow,"TESTED USED GSM UNLOCKED MIDNIGHT iPhone 13, 128GB A2482 MLA23LL/A, 99% BATTERY.",https://www.ebay.com/itm/358862968943?nordt=true,https://i.ebayimg.com/images/g/wD4AAeSwcXdqa7RE/s-l1600.jpg,11049276145
iphone-13,iPhone 13,Pre-Owned,3000,150.0,,150.0,2026-08-04,buyItNow,Apple iPhone 13 - 128 GB - Midnight (Unlocked) - Works - Read Description,https://www.ebay.com/itm/128010745404?nordt=true,https://i.ebayimg.com/images/g/DSkAAeSwn2JqYkPx/s-l1600.jpg,11049276145
iphone-13,iPhone 13,Pre-Owned,3000,209.98,8.13,218.11,2026-08-04,buyItNow,iphone 13 unlocked 128gb,https://www.ebay.com/itm/358883634195?nordt=true,https://i.ebayimg.com/images/g/OfcAAeSwUXxqciJa/s-l1600.jpg,22049282568
iphone-13,iPhone 13,Pre-Owned,3000,239.35,3.99,243.34,2026-08-04,buyItNow,Apple iPhone 13 128GB Black A2482 ((Unlocked)) 80% to 89% Battery Health DV8677,https://www.ebay.com/itm/307104994876?nordt=true,https://i.ebayimg.com/images/g/Mu0AAeSw0XBqcQcW/s-l1600.jpg,11049276145
iphone-13,iPhone 13,Pre-Owned,3000,162.5,15.1,177.6,2026-08-04,auction,Apple iPhone 13 A2482 128GB - AT&T Locked - Midnight Blue - Very Good Condition,https://www.ebay.com/itm/117327233643?nordt=true,https://i.ebayimg.com/images/g/S3wAAeSwUXxqXozA/s-l1600.jpg,25049270842
iphone-13,iPhone 13,Pre-Owned,3000,169.99,,169.99,2026-08-04,buyItNow,Poor Condition - Apple iPhone 13 128GB Black (Unlocked) - Free Shipping,https://www.ebay.com/itm/800461001864?nordt=true,https://i.ebayimg.com/images/g/RIkAAeSwv99qcg6f/s-l1600.jpg,11049276145
iphone-13,iPhone 13,Pre-Owned,3000,220.0,8.75,228.75,2026-08-04,buyItNow,Apple iPhone 13 128GB Unlocked Model MLA23LL/A 90% Batt Health Asurion,https://www.ebay.com/itm/257661481294?nordt=true,https://i.ebayimg.com/images/g/B4cAAeSwOPZqchEO/s-l1600.jpg,22049282568
iphone-13,iPhone 13,Pre-Owned,3000,169.5,12.5,182.0,2026-08-04,auction,"APPLE IPHONE 13 (MLML3LL/A) 6.1"" SCREEN, A15 BIONIC, 128GB -UNLOCKED-",https://www.ebay.com/itm/358854771538?nordt=true,https://i.ebayimg.com/images/g/wyEAAeSw6QhqaN43/s-l1600.jpg,22049282568
iphone-13,iPhone 13,Pre-Owned,3000,194.98,,194.98,2026-08-04,buyItNow,Apple iPhone 13 - 128GB - Midnight Black 5G - Tracfone Includes 3 YEARS SERVICE,https://www.ebay.com/itm/227455230351?nordt=true,https://i.ebayimg.com/images/g/R-8AAOSwU5pniD0L/s-l1600.jpg,
iphone-13,iPhone 13,Pre-Owned,3000,169.99,,169.99,2026-08-04,buyItNow,Poor Condition - Apple iPhone 13 128GB Black (Unlocked) - Free Shipping,https://www.ebay.com/itm/800460866134?nordt=true,https://i.ebayimg.com/images/g/RIkAAeSwv99qcg6f/s-l1600.jpg,11049276145
iphone-13,iPhone 13,Pre-Owned,3000,229.99,9.42,239.41,2026-08-04,buyItNow,"Apple iPhone 13 - 128GB - Blue (Factory Unlocked) 6.1"" iOS Smartphone - Used",https://www.ebay.com/itm/168526294706?nordt=true,https://i.ebayimg.com/images/g/dQIAAeSwjF1qUCBp/s-l1600.jpg,22049282568
iphone-13,iPhone 13,Pre-Owned,3000,166.99,6.25,173.24,2026-08-04,auction,Apple iPhone 13 128GB Unlocked,https://www.ebay.com/itm/358854634974?nordt=true,https://i.ebayimg.com/images/g/JXwAAeSwpx9qZmdH/s-l1600.jpg,22049282568
iphone-13,iPhone 13,Pre-Owned,3000,175.0,6.58,181.58,2026-08-04,buyItNow,Apple iPhone 13 Unlocked 128GB Model MLAA3LL/A Product Red Battery 97% Good Cond,https://www.ebay.com/itm/257661436022?nordt=true,https://i.ebayimg.com/images/g/iEQAAeSwsFZqcgrm/s-l1600.jpg,7049287499
iphone-13,iPhone 13,Pre-Owned,3000,300.0,,300.0,2026-08-04,buyItNow,Apple iPhone 13 256GB Unlocked (Excellent),https://www.ebay.com/itm/137584989193?nordt=true,https://i.ebayimg.com/images/g/Rv0AAeSwgPtqce1A/s-l1600.jpg,
iphone-13,iPhone 13,Pre-Owned,3000,99.99,,99.99,2026-08-04,buyItNow,Apple iPhone 13 - 128 GB - Blue (Unlocked) - Read Description First,https://www.ebay.com/itm/128009049600?nordt=true,https://i.ebayimg.com/images/g/sKEAAeSwhINqbmWg/s-l1600.jpg,22049282568
iphone-13,iPhone 13,Pre-Owned,3000,190.0,20.0,210.0,2026-08-04,auctionWithBIN,Apple iPhone 13 - 128 GB - Midnight (Unlocked),https://www.ebay.com/itm/178373706661?nordt=true,https://i.ebayimg.com/images/g/qIgAAeSwJaRqcfnl/s-l1600.jpg,11049276145
iphone-13,iPhone 13,Pre-Owned,3000,140.0,8.13,148.13,2026-08-04,buyItNow,Apple iPhone 13 Green Locked To Spectrum 128gb In Used Condition,https://www.ebay.com/itm/398247543506?nordt=true,https://i.ebayimg.com/images/g/VAsAAeSwOzFqcUCv/s-l1600.jpg,6065015348
iphone-13,iPhone 13,Pre-Owned,3000,185.0,9.35,194.35,2026-08-04,auction,"Apple iPhone 13 Smartphone 128 GB Storage, Black, Slate Style",https://www.ebay.com/itm/358863288395?nordt=true,https://i.ebayimg.com/images/g/Io4AAeSw1bNqYnLq/s-l1600.jpg,
iphone-13,iPhone 13,Pre-Owned,3000,259.99,9.35,269.34,2026-08-04,buyItNow,Apple iPhone 13 5G Unlocked RED 128GB,https://www.ebay.com/itm/117338870147?nordt=true,https://i.ebayimg.com/images/g/JfkAAeSw2OhqcPKL/s-l1600.jpg,7049287499
iphone-13,iPhone 13,Pre-Owned,3000,220.0,7.04,227.04,2026-08-04,buyItNow,Apple iPhone 13 128GB 256GB 512GB Unlocked Verizon AT&T T-Mobile Smartphone,https://www.ebay.com/itm/407073203225?nordt=true,https://i.ebayimg.com/images/g/jR0AAeSwSFlpq2qX/s-l1600.jpg,
iphone-13,iPhone 13,Pre-Owned,3000,189.99,9.35,199.34,2026-08-04,buyItNow,Apple iPhone 13 128GB White 12MP Camera Bluetooth Wi-Fi NLA43LL/A,https://www.ebay.com/itm/366555278958?nordt=true,https://i.ebayimg.com/images/g/8AcAAeSwPFVqXsbq/s-l1600.jpg,8049288614
iphone-13,iPhone 13,Pre-Owned,3000,205.0,6.0,211.0,2026-08-04,buyItNow,Iphone 13 128gb Locked to MEtro PCS  100% battery health with Appl warranty,https://www.ebay.com/itm/287501282169?nordt=true,https://i.ebayimg.com/images/g/mnQAAeSwfRBqcNPM/s-l1600.jpg,7065011220
iphone-13,iPhone 13,Pre-Owned,3000,209.99,,209.99,2026-08-04,buyItNow,Apple iPhone 13 128GB [A2482] Green (Unlocked) - *READ*,https://www.ebay.com/itm/158139238443?nordt=true,https://i.ebayimg.com/images/g/4WUAAeSwpwZqbK5m/s-l1600.jpg,12052764234
iphone-13,iPhone 13,Pre-Owned,3000,279.99,,279.99,2026-08-04,buyItNow,Apple iPhone 13 128GB Unlocked Midnight 98% Battery Health Excellent Condition,https://www.ebay.com/itm/366563714706?nordt=true,https://i.ebayimg.com/images/g/vXMAAeSwJM5qY94C/s-l1600.jpg,11049276145
iphone-13,iPhone 13,Pre-Owned,3000,169.0,13.59,182.59,2026-08-04,buyItNow,Iphone 13,https://www.ebay.com/itm/257655555849?nordt=true,https://i.ebayimg.com/images/g/6egAAeSwsFZqbo2I/s-l1600.jpg,7049287412
iphone-13,iPhone 13,Pre-Owned,3000,223.99,,223.99,2026-08-04,buyItNow,Apple iPhone 13 A2631 Unlocked 128GB Green C,https://www.ebay.com/itm/178361866775?nordt=true,https://i.ebayimg.com/images/g/02kAAeSwAzZqbWGV/s-l1600.jpg,
iphone-13,iPhone 13,Pre-Owned,3000,215.22,23.02,238.24,2026-08-04,auction,Apple iPhone 13 128GB Midnight Schwarz Unlocked,https://www.ebay.com/itm/178369733077?nordt=true,https://i.ebayimg.com/images/g/KakAAeSwYttqb3yF/s-l1600.jpg,2320328646
iphone-13,iPhone 13,Pre-Owned,3000,200.0,,200.0,2026-08-04,buyItNow,Apple iPhone 13 Midnight Black/Blue 128GB/256GB 512GB Unlocked - Free Ship,https://www.ebay.com/itm/389640259363?nordt=true,https://i.ebayimg.com/images/g/l8EAAeSw6~hplbSz/s-l1600.jpg,11049276145
iphone-13,iPhone 13,Parts Only,7000,189.99,,189.99,2026-07-24,buyItNow,Broken Unlocked Apple iPhone 13 128GB 26.5 MLMT3LL/A Bad Batt,https://www.ebay.com/itm/398211819383?nordt=true,https://i.ebayimg.com/images/g/IGYAAeSwFdNqY64n/s-l1600.jpg,22049282568
iphone-13,iPhone 13,Parts Only,7000,155.0,,155.0,2026-08-03,buyItNow,Apple iPhone 13 - 128 GB - Starlight (AT&T) Good -A2482 (for parts ),https://www.ebay.com/itm/227343226910?nordt=true,https://i.ebayimg.com/images/g/T~IAAeSwcWdqBMuV/s-l1600.jpg,6049293324
iphone-13,iPhone 13,Parts Only,7000,100.0,,100.0,2026-08-03,buyItNow,iPhone 13 128gb T-Mobile Cracked,https://www.ebay.com/itm/137582510484?nordt=true,https://i.ebayimg.com/images/g/bUkAAeSwJM5qcQWI/s-l1600.jpg,14064993588
iphone-13,iPhone 13,Parts Only,7000,189.99,,189.99,2026-08-04,buyItNow,Apple iPhone 13 128GB Midnight A2482 Unlocked Smartphone - Service Battery,https://www.ebay.com/itm/377395096502?nordt=true,https://i.ebayimg.com/images/g/uDcAAeSwWkBqcnMO/s-l1600.jpg,11049276145
iphone-13,iPhone 13,Parts Only,7000,140.0,,140.0,2026-08-04,buyItNow,Apple iPhone 13 128GB - Very Clean - For Parts,https://www.ebay.com/itm/206465387639?nordt=true,https://i.ebayimg.com/images/g/5h8AAeSwrndqchbX/s-l1600.jpg,
iphone-13,iPhone 13,Parts Only,7000,220.0,,220.0,2026-08-04,buyItNow,Apple iPhone 13 128GB UNLOCKED Starlight ML953LL/A A2482 - Free Shipping,https://www.ebay.com/itm/306686734930?nordt=true,https://i.ebayimg.com/images/g/BToAAeSw4qlpVYUC/s-l1600.jpg,8049288614
iphone-13,iPhone 13,Parts Only,7000,149.0,9.99,158.99,2026-08-04,buyItNow,Apple iphone 13 128gb crack screen works good,https://www.ebay.com/itm/298550862912?nordt=true,https://i.ebayimg.com/images/g/Tk4AAeSwfwRqbhaJ/s-l1600.jpg,11049276145
iphone-13,iPhone 13,Parts Only,7000,150.0,9.02,159.02,2026-08-04,buyItNow,Unlocked Apple iPhone 13 - 128GB Pink - Great Used Cond - 87% Batt - READ,https://www.ebay.com/itm/398249363806?nordt=true,https://i.ebayimg.com/images/g/M4UAAeSwKs5qcge9/s-l1600.jpg,7049287412
iphone-13,iPhone 13,Parts Only,7000,150.0,,150.0,2026-08-04,buyItNow,Apple iPhone 13 128GB Blue (Tracfone) Smartphone AS IS (C31037282),https://www.ebay.com/itm/307106328107?nordt=true,https://i.ebayimg.com/images/g/PaIAAeSwYJFqcdgJ/s-l1600.jpg,5065008570
iphone-13,iPhone 13,Parts Only,7000,129.95,12.9,142.85,2026-08-04,buyItNow,Apple iPhone 13 (T-Mobile) - Blue - Cracked Screen Parts Only,https://www.ebay.com/itm/327271786392?nordt=true,https://i.ebayimg.com/images/g/bqoAAeSw1stqXrEr/s-l1600.jpg,16064993728
iphone-13,iPhone 13,Parts Only,7000,59.95,,59.95,2026-08-04,buyItNow,Apple iPhone 13 128GB Unlocked Midnight A2482 MLML3LL/A BROKEN,https://www.ebay.com/itm/407119084394?nordt=true,https://i.ebayimg.com/images/g/TEkAAeSw2OhqcaU7/s-l1600.jpg,11049276145
iphone-13,iPhone 13,Parts Only,7000,109.99,,109.99,2026-08-04,buyItNow,Broken T-Mobile Apple iPhone 13 128GB - Cracked Back Front - 80% BH,https://www.ebay.com/itm/377391853299?nordt=true,https://i.ebayimg.com/images/g/Q7kAAeSwD-lqcOLd/s-l1600.jpg,14064993588
iphone-13,iPhone 13,Parts Only,7000,139.99,10.43,150.42,2026-08-04,buyItNow,Apple iPhone 13 - 128 GB - Midnight Black (Unlocked) - 98% Battery - CRACKED,https://www.ebay.com/itm/407118534122?nordt=true,https://i.ebayimg.com/images/g/RzkAAeSw8QJqcVe7/s-l1600.jpg,11049276145
iphone-13,iPhone 13,Excellent - Refurbished,2010,271.67,,271.67,2026-08-03,buyItNow,Apple iPhone 13 128GB Unlocked  - EXCELLENT Condition,https://www.ebay.com/itm/325894456782?nordt=true,https://i.ebayimg.com/images/g/sdAAAOSwSg1lxQpl/s-l1600.jpg,12052764234
iphone-13,iPhone 13,Excellent - Refurbished,2010,284.99,,284.99,2026-08-03,buyItNow,Apple iPhone 13 128GB Unlocked - Excellent,https://www.ebay.com/itm/256350256024?nordt=true,https://i.ebayimg.com/images/g/l5AAAeSwKmNoPGVS/s-l1600.jpg,22049282568
iphone-13,iPhone 13,Brand New,1000,250.0,,250.0,2026-08-03,buyItNow,Apple iPhone 13 128GB Midnight (For Straight Talk Wireless) Brand New Sealed,https://www.ebay.com/itm/800414305725?nordt=true,https://i.ebayimg.com/images/g/ZcYAAeSwlYhqZu0Y/s-l1600.jpg,
iphone-13,iPhone 13,Good - Refurbished,2030,267.88,,267.88,2026-08-03,buyItNow,Apple iPhone 13 A2482 128GB Red Unlocked Good,https://www.ebay.com/itm/127943739960?nordt=true,https://i.ebayimg.com/images/g/PyAAAeSweeRqPvk6/s-l1600.jpg,7049287499
iphone-13,iPhone 13,Open Box,1500,278.55,,278.55,2026-08-04,buyItNow,"Apple iPhone 13 128 GB 5G Midnight Black(Unlocked) 98% Original Bat,  NEW OTHER",https://www.ebay.com/itm/158151171412?nordt=true,https://i.ebayimg.com/images/g/DVAAAeSwyAtpqQ8R/s-l1600.jpg,11049276145
iphone-13,iPhone 13,Very Good - Refurbished,2020,185.5,,185.5,2026-08-04,auction,APPLE IPHONE 13 | 128GB | FIRSTNET | MIDNIGHT | REFURBISHED,https://www.ebay.com/itm/206450896094?nordt=true,https://i.ebayimg.com/images/g/RKoAAeSwRo9qakca/s-l1600.jpg,
iphone-13,iPhone 13,Open Box,1500,290.0,,290.0,2026-08-04,buyItNow,Apple iPhone 13 UNLOCKED - 128 GB Black CPO as good as brand new! FREE Shipping,https://www.ebay.com/itm/267694715088?nordt=true,https://i.ebayimg.com/images/g/dksAAeSwWORpMgca/s-l1600.jpg,11049276145
iphone-13,iPhone 13,Brand New,1000,322.25,80.56,402.81,2026-08-04,buyItNow,Apple iPhone 13 - 128GB - Mezzanotte,https://www.ebay.com/itm/398249113397?nordt=true,https://i.ebayimg.com/images/g/siYAAeSwObdqcdIm/s-l1600.jpg,10049287359
iphone-13,iPhone 13,Brand New,1000,322.25,80.56,402.81,2026-08-04,buyItNow,Apple iPhone 13 - 128GB - Mezzanotte,https://www.ebay.com/itm/398248687246?nordt=true,https://i.ebayimg.com/images/g/siYAAeSwObdqcdIm/s-l1600.jpg,10049287359
iphone-13,iPhone 13,Very Good - Refurbished,2020,268.95,,268.95,2026-08-04,buyItNow,Apple iPhone 13 128GB Unlocked - Very Good,https://www.ebay.com/itm/404240048516?nordt=true,https://i.ebayimg.com/images/g/L38AAOSwjZ5kNFYd/s-l1600.jpg,8049288614
iphone-13,iPhone 13,Very Good - Refurbished,2020,259.99,,259.99,2026-08-04,buyItNow,Apple iPhone 13 128GB Fully Unlocked - Very Good Condition,https://www.ebay.com/itm/226523060489?nordt=true,https://i.ebayimg.com/images/g/uVoAAOSwNx1lxQnL/s-l1600.jpg,12052764234
iphone-13,iPhone 13,Excellent - Refurbished,2010,238.69,,238.69,2026-08-04,buyItNow,Apple iPhone 13 128GB 256GB 512GB Verizon AT&T T-Mobile Unlocked (Excellent),https://www.ebay.com/itm/286910051535?nordt=true,https://i.ebayimg.com/images/g/Lt4AAeSwIkZpcwkO/s-l1600.jpg,16064993658
iphone-13,iPhone 13,Good - Refurbished,2030,248.18,,248.18,2026-08-04,buyItNow,Apple iPhone 13 A2482 (Fully Unlocked) 128GB Black (Good),https://www.ebay.com/itm/286883428906?nordt=true,https://i.ebayimg.com/images/g/NXQAAeSwwhZo8sU-/s-l1600.jpg,11049276145
iphone-13,iPhone 13,Open Box,1500,209.98,,209.98,2026-08-04,buyItNow,Apple iPhone 13 - 128 GB - Midnight (Verizon),https://www.ebay.com/itm/157271002092?nordt=true,https://i.ebayimg.com/images/g/ESoAAeSwJR5orJzr/s-l1600.jpg,19049287599
iphone-13,iPhone 13,Very Good - Refurbished,2020,251.99,,251.99,2026-08-04,buyItNow,Apple iPhone 13 A2482 128GB Unlocked - Very Good Refurbished,https://www.ebay.com/itm/205857384844?nordt=true,https://i.ebayimg.com/images/g/n0kAAeSw2B5pHJqh/s-l1600.jpg,11049276145
iphone-13,iPhone 13,Excellent - Refurbished,2010,229.49,,229.49,2026-08-04,buyItNow,Apple iPhone 13  128GB Unlocked FACTORY UNLOCKED  - EXCELLENT,https://www.ebay.com/itm/116996574826?nordt=true,https://i.ebayimg.com/images/g/I14AAeSwV2dpcuJA/s-l1600.jpg,11049276145
iphone-12,iPhone 12,Pre-Owned,3000,144.98,,144.98,2026-05-11,buyItNow,Apple iPhone 12 128GB (Unlocked) - Black - Used Condition,https://www.ebay.com/itm/147305764297?nordt=true,https://i.ebayimg.com/images/g/mDwAAeSwe5tqAhm-/s-l1600.jpg,13073675463
iphone-12,iPhone 12,Pre-Owned,3000,184.99,,184.99,2026-07-22,buyItNow,Unlocked Apple iPhone 12 128GB 18.0 Blue MGFD3LL/A,https://www.ebay.com/itm/227442544836?nordt=true,https://i.ebayimg.com/images/g/9McAAeSwlslqYNmC/s-l1600.jpg,16041709972
iphone-12,iPhone 12,Pre-Owned,3000,179.99,,179.99,2026-07-31,buyItNow,Apple iPhone 12 A2172 128GB Black Unlocked Used Good,https://www.ebay.com/itm/377334408052?nordt=true,https://i.ebayimg.com/images/g/n94AAeSwEz5qUTL9/s-l1600.jpg,13073675463
iphone-12,iPhone 12,Pre-Owned,3000,185.0,,185.0,2026-08-03,buyItNow,Apple iPhone 12 - 128 GB - Black (Unlocked),https://www.ebay.com/itm/227449147861?nordt=true,https://i.ebayimg.com/images/g/aC4AAeSwx7pqZpPS/s-l1600.jpg,13073675463
iphone-12,iPhone 12,Pre-Owned,3000,200.0,14.99,214.99,2026-08-03,auctionWithBIN,iPhone 12  (Product RED) & Apple Watch Series 3 38mm Bundle,https://www.ebay.com/itm/318645112382?nordt=true,https://i.ebayimg.com/images/g/8bYAAeSwdbtqaEXK/s-l1600.jpg,24041710483
iphone-12,iPhone 12,Pre-Owned,3000,177.99,,177.99,2026-08-03,buyItNow,Apple iPhone 12 - 128 GB - Blue (Unlocked) A2172 Used,https://www.ebay.com/itm/128002289736?nordt=true,https://i.ebayimg.com/images/g/Ca8AAeSwws5qa3vO/s-l1600.jpg,16041709972
iphone-12,iPhone 12,Pre-Owned,3000,139.99,,139.99,2026-08-03,buyItNow,Apple iPhone 12 64GB 128GB 256GB -  Unlocked AT&T T-Mobile - All Colors,https://www.ebay.com/itm/127143337023?nordt=true,https://i.ebayimg.com/images/g/mm8AAOSwgFdoOM1z/s-l1600.jpg,12041705164
iphone-12,iPhone 12,Pre-Owned,3000,166.84,,166.84,2026-08-03,buyItNow,Apple iPhone 12 A2172 Unlocked 128GB Black C-,https://www.ebay.com/itm/177407918990?nordt=true,https://i.ebayimg.com/images/g/mUMAAeSwO5hoxJDj/s-l1600.jpg,13073675463
iphone-12,iPhone 12,Pre-Owned,3000,200.0,7.42,207.42,2026-08-03,buyItNow,Apple iPhone 12 128GB Purple MJMY3LL/A - Unlocked - Battery Capacity 94%,https://www.ebay.com/itm/327293864189?nordt=true,https://i.ebayimg.com/images/g/YKUAAeSwhZ9qcShT/s-l1600.jpg,11045897775
iphone-12,iPhone 12,Pre-Owned,3000,205.5,8.13,213.63,2026-08-03,auction,Apple iPhone 12 - 128GB - Unlocked - Excellent Condition,https://www.ebay.com/itm/327282233038?nordt=true,https://i.ebayimg.com/images/g/cFgAAeSw529qaAaG/s-l1600.jpg,16041709972
iphone-12,iPhone 12,Pre-Owned,3000,168.5,,168.5,2026-08-03,auction,Apple iPhone 12 - 128GB - Unlocked (Read Description),https://www.ebay.com/itm/287495778009?nordt=true,https://i.ebayimg.com/images/g/mdIAAeSwHflqZAAa/s-l1600.jpg,13073675463
iphone-12,iPhone 12,Pre-Owned,3000,159.99,,159.99,2026-08-03,buyItNow,Apple iPhone 12 64/128GB  Unlocked -All colors - Used Good (LCD SHADOW),https://www.ebay.com/itm/227452483142?nordt=true,https://i.ebayimg.com/images/g/t4wAAOSwg4hkCgdI/s-l1600.jpg,24041710483
iphone-12,iPhone 12,Pre-Owned,3000,159.99,,159.99,2026-08-03,buyItNow,Apple iPhone 12 64/128/256GB Unlocked All colors - Used Good (LCD DOT),https://www.ebay.com/itm/225859540961?nordt=true,https://i.ebayimg.com/images/g/t4wAAOSwg4hkCgdI/s-l1600.jpg,13073675463
iphone-12,iPhone 12,Pre-Owned,3000,153.3,,153.3,2026-08-03,auction,Apple iPhone 12 - 128GB - Unlocked (Read Description),https://www.ebay.com/itm/287495652107?nordt=true,https://i.ebayimg.com/images/g/ATAAAeSwObdqbSqf/s-l1600.jpg,13073675463
iphone-12,iPhone 12,Pre-Owned,3000,152.0,,152.0,2026-08-03,buyItNow,Apple iPhone 12 64GB/128GB - Unlocked - Very Good Condition - Free Shipping!,https://www.ebay.com/itm/800036618358?nordt=true,https://i.ebayimg.com/images/g/R9kAAeSwauxqC1YS/s-l1600.jpg,12041705164
iphone-12,iPhone 12,Pre-Owned,3000,144.0,,144.0,2026-08-03,buyItNow,Apple iPhone 12 64/128GB - Fully Unlocked AT&T T-Mobile Verizon - All colors,https://www.ebay.com/itm/386936766515?nordt=true,https://i.ebayimg.com/images/g/fe4AAOSwVkRmIHzv/s-l1600.jpg,12041705164
iphone-12,iPhone 12,Pre-Owned,3000,175.99,,175.99,2026-08-03,buyItNow,Apple iPhone 12 - 128 GB - (PRODUCT)RED (Unlocked) GOOD A2172,https://www.ebay.com/itm/227433121024?nordt=true,https://i.ebayimg.com/images/g/9rYAAeSwQBhqV~HX/s-l1600.jpg,24041710483
iphone-12,iPhone 12,Pre-Owned,3000,150.0,,150.0,2026-08-03,buyItNow,Apple iPhone 12 - 128 GB - Black (Unlocked),https://www.ebay.com/itm/227460618289?nordt=true,https://i.ebayimg.com/images/g/EksAAeSwgUdqcNFb/s-l1600.jpg,13073675463
iphone-12,iPhone 12,Pre-Owned,3000,149.99,,149.99,2026-08-03,buyItNow,Apple iPhone 12 128GB Black MGER3LL/A - Cellular Unlocked,https://www.ebay.com/itm/178370850714?nordt=true,https://i.ebayimg.com/images/g/D-oAAeSwygVqcOHq/s-l1600.jpg,13073675463
iphone-12,iPhone 12,Pre-Owned,3000,129.99,8.99,138.98,2026-08-03,buyItNow,Apple iPhone 12 - 128 GB - Blue (Unlocked),https://www.ebay.com/itm/800455364225?nordt=true,https://i.ebayimg.com/images/g/MJgAAeSwzXdqcNER/s-l1600.jpg,16041709972
iphone-12,iPhone 12,Pre-Owned,3000,162.5,,162.5,2026-08-03,auction,Apple iPhone 12 - 128GB - Unlocked (Read Description),https://www.ebay.com/itm/278234564539?nordt=true,https://i.ebayimg.com/images/g/PCwAAeSwUFpqaNAy/s-l1600.jpg,13073675463
iphone-12,iPhone 12,Pre-Owned,3000,135.0,5.99,140.99,2026-08-04,buyItNow,T-Mobile iPhone 12 128GB Unlocked Smartphone Blue READ,https://www.ebay.com/itm/407120598671?nordt=true,https://i.ebayimg.com/images/g/ivUAAeSwS~JqckpO/s-l1600.jpg,16041709972
iphone-12,iPhone 12,Pre-Owned,3000,1090.0,,1090.0,2026-08-04,buyItNow,Apple iPhone 12 - 128 GB - Black (Unlocked) A2172 - Smartphone - 95% Bat,https://www.ebay.com/itm/188743320909?nordt=true,https://i.ebayimg.com/images/g/NWcAAeSwLDFqciU2/s-l1600.jpg,13073675463
iphone-12,iPhone 12,Pre-Owned,3000,155.0,9.35,164.35,2026-08-04,buyItNow,Apple iPhone 12 128GB Black Unlocked iOS Good Condition Battery Health 85%,https://www.ebay.com/itm/227461198540?nordt=true,https://i.ebayimg.com/images/g/5r8AAeSwimlqcXHb/s-l1600.jpg,13073675463
iphone-12,iPhone 12,Pre-Owned,3000,169.99,10.59,180.58,2026-08-04,buyItNow,Used Apple iPhone 12 128 GB RED Unlocked 88% Battery Good Physical Condition,https://www.ebay.com/itm/168498652872?nordt=true,https://i.ebayimg.com/images/g/LtAAAeSwp-1qQRnK/s-l1600.jpg,24041710483
iphone-12,iPhone 12,Pre-Owned,3000,175.99,,175.99,2026-08-04,buyItNow,Factory Unlocked Apple iPhone 12 128GB Black MGF93LL/A,https://www.ebay.com/itm/398250445635?nordt=true,https://i.ebayimg.com/images/g/VcYAAeSwzXdqcmOs/s-l1600.jpg,13073675463
iphone-12,iPhone 12,Pre-Owned,3000,127.0,,127.0,2026-08-04,buyItNow,Apple iPhone 12 128GB [A2172] Black (Unlocked) - SMALL LCD SPOT - *READ*,https://www.ebay.com/itm/128010798262?nordt=true,https://i.ebayimg.com/images/g/wcQAAeSwLuxqcinR/s-l1600.jpg,13073675463
iphone-12,iPhone 12,Pre-Owned,3000,279.0,,279.0,2026-08-04,buyItNow,apple iphone 12 ATT 128gb iOS 16.3 Jailbroken,https://www.ebay.com/itm/278241248513?nordt=true,https://i.ebayimg.com/images/g/-ZEAAeSwBGxqZmZ0/s-l1600.jpg,
iphone-12,iPhone 12,Pre-Owned,3000,179.99,,179.99,2026-08-04,buyItNow,"Apple iPhone 12 Unlocked Verizon, T-Mobile, AT&T all Carriers🔥great🔥",https://www.ebay.com/itm/278238252868?nordt=true,https://i.ebayimg.com/images/g/nCIAAeSwEbBqblkt/s-l1600.jpg,
iphone-12,iPhone 12,Pre-Owned,3000,150.0,,150.0,2026-08-04,buyItNow,Apple iPhone 12 - 128 GB - Black (Unlocked),https://www.ebay.com/itm/227461883364?nordt=true,https://i.ebayimg.com/images/g/08kAAeSwROhqcfs3/s-l1600.jpg,13073675463
iphone-12,iPhone 12,Pre-Owned,3000,139.99,,139.99,2026-08-04,buyItNow,Apple iPhone 12 128GB Green (Unlocked),https://www.ebay.com/itm/158126551970?nordt=true,https://i.ebayimg.com/images/g/I0sAAeSwrndqaCmC/s-l1600.jpg,10041718568
iphone-12,iPhone 12,Pre-Owned,3000,149.95,,149.95,2026-08-04,buyItNow,Apple iPhone 12 - 128GB - Black (Unlocked),https://www.ebay.com/itm/188742538927?nordt=true,https://i.ebayimg.com/images/g/POYAAeSwK8xqbJ0A/s-l1600.jpg,13073675463
iphone-12,iPhone 12,Pre-Owned,3000,110.04,6.7,116.74,2026-08-04,buyItNow,Apple iPhone 12 128GB Black iOS Smartphone Dual Rear Camera 12MP,https://www.ebay.com/itm/407118464767?nordt=true,https://i.ebayimg.com/images/g/iEsAAeSwYexqcUto/s-l1600.jpg,13073675463
iphone-12,iPhone 12,Pre-Owned,3000,149.95,,149.95,2026-08-04,buyItNow,Apple iPhone 12 - 128GB - Black (Unlocked),https://www.ebay.com/itm/188742193485?nordt=true,https://i.ebayimg.com/images/g/geQAAeSwOzFqcd-s/s-l1600.jpg,13073675463
iphone-12,iPhone 12,Pre-Owned,3000,189.94,,189.94,2026-08-04,buyItNow,"Apple iPhone 12 Unlocked Verizon, T-Mobile, AT&T all Carriers",https://www.ebay.com/itm/116370846040?nordt=true,https://i.ebayimg.com/images/g/qHAAAOSwOrBnHAtQ/s-l1600.jpg,13073675463
iphone-12,iPhone 12,Pre-Owned,3000,149.95,,149.95,2026-08-04,buyItNow,Apple iPhone 12 - 128GB - Black (Unlocked),https://www.ebay.com/itm/188742205826?nordt=true,https://i.ebayimg.com/images/g/Uk4AAeSw2Jtqcd~a/s-l1600.jpg,13073675463
iphone-12,iPhone 12,Pre-Owned,3000,145.0,,145.0,2026-08-04,buyItNow,"iPhone 12 64GB/128GB - Very Good Condition, Black/Blue/Green, Verizon/T-Mobile",https://www.ebay.com/itm/388083362512?nordt=true,https://i.ebayimg.com/images/g/d-kAAOSwixpn1KJw/s-l1600.jpg,
iphone-12,iPhone 12,Pre-Owned,3000,107.11,41.27,148.38,2026-08-04,auction,Apple iPhone 12 (MJNJ3J/A / A2402) 128GB Purple Unlocked CRACKED FRONT AND BACK,https://www.ebay.com/itm/227443184998?nordt=true,https://i.ebayimg.com/images/g/4V0AAeSwPFVqYVH7/s-l1600.jpg,12045897488
iphone-12,iPhone 12,Pre-Owned,3000,174.0,3.0,177.0,2026-08-04,buyItNow,100% fully working Apple iPhone 12 - 64/128/256 GB -(Factory Unlocked) sim free,https://www.ebay.com/itm/407095092078?nordt=true,https://i.ebayimg.com/images/g/5NsAAeSwARRqYymd/s-l1600.jpg,13073675463
iphone-12,iPhone 12,Parts Only,7000,44.99,6.0,50.99,2026-08-03,buyItNow,Apple iPhone 12 128GB Black Smartphone For Parts. MINT CONDITION. Repair Only,https://www.ebay.com/itm/137567930403?nordt=true,https://i.ebayimg.com/images/g/9vcAAeSwh~xqa5NS/s-l1600.jpg,
iphone-12,iPhone 12,Parts Only,7000,129.5,14.9,144.4,2026-08-03,auction,Apple iPhone 12 128GB Blue P/R,https://www.ebay.com/itm/336712092688?nordt=true,https://i.ebayimg.com/images/g/vGgAAeSwDF1qZ-x6/s-l1600.jpg,16041709972
iphone-12,iPhone 12,Parts Only,7000,100.0,11.35,111.35,2026-08-03,buyItNow,Apple iPhone 12 128GB Verizon Unlocked- HEAVY COSMETIC WEAR- Read Description,https://www.ebay.com/itm/147480510164?nordt=true,https://i.ebayimg.com/images/g/0OwAAeSw7EhqcLIY/s-l1600.jpg,13073675463
iphone-12,iPhone 12,Parts Only,7000,90.0,,90.0,2026-08-03,buyItNow,Apple iPhone 12 - 128 GB - Red- For Parts - Looks Good- Power Issue,https://www.ebay.com/itm/127914640557?nordt=true,https://i.ebayimg.com/images/g/kdEAAeSwO3NqKX9-/s-l1600.jpg,24041710483
iphone-12,iPhone 12,Parts Only,7000,59.95,,59.95,2026-08-03,buyItNow,Apple iPhone 12 128GB AT&T Blue A2172 MGEV3LL/A BROKEN,https://www.ebay.com/itm/407116931974?nordt=true,https://i.ebayimg.com/images/g/IVUAAeSwN-lqcJuw/s-l1600.jpg,11041707962
iphone-12,iPhone 12,Parts Only,7000,49.99,,49.99,2026-08-04,buyItNow,Unlocked Apple iPhone 12 128GB Red Does Not Power On READ,https://www.ebay.com/itm/398245803620?nordt=true,https://i.ebayimg.com/images/g/qnYAAeSwycZqcM-l/s-l1600.jpg,
iphone-12,iPhone 12,Brand New,1000,239.95,,239.95,2026-08-03,buyItNow,Apple iPhone 12 128GB T-Mobile,https://www.ebay.com/itm/387376330613?nordt=true,https://i.ebayimg.com/images/g/jjoAAOSw2~dhS2Sd/s-l1600.jpg,6041725320
iphone-12,iPhone 12,Very Good - Refurbished,2020,209.99,,209.99,2026-08-03,buyItNow,"Apple iPhone 12 256GB 6.1"" Factory Unlocked (Any Carrier) Very Good",https://www.ebay.com/itm/356568965637?nordt=true,https://i.ebayimg.com/images/g/V2UAAOSwXZphKX2x/s-l1600.jpg,16041709972
iphone-12,iPhone 12,Good - Refurbished,2030,184.95,,184.95,2026-08-03,buyItNow,Apple iPhone 12 Black 128GB A2172 MGER3LL/A Unlocked Clean ESN Good (JF),https://www.ebay.com/itm/197064260956?nordt=true,https://i.ebayimg.com/images/g/~UYAAOSw1UBi4Cj1/s-l1600.jpg,13073675463
iphone-12,iPhone 12,Good - Refurbished,2030,184.95,,184.95,2026-08-03,buyItNow,Apple iPhone 12 Black 128GB A2172 MGF93LL/A Unlocked Clean ESN Good (AMX),https://www.ebay.com/itm/198528330852?nordt=true,https://i.ebayimg.com/images/g/KhsAAeSwsHRqZ46t/s-l1600.jpg,13073675463
iphone-12,iPhone 12,Very Good - Refurbished,2020,204.99,,204.99,2026-08-03,buyItNow,Apple iPhone 12 128GB Factory Unlocked AT&T T-Mobile Verizon Very Good Refurbish,https://www.ebay.com/itm/187038384226?nordt=true,https://i.ebayimg.com/images/g/GtwAAOSw7yBn0dCc/s-l1600.jpg,
iphone-12,iPhone 12,Very Good - Refurbished,2020,173.05,,173.05,2026-08-03,buyItNow,Apple iPhone 12 128GB A2172 Unlocked Very Good Condition All Colors,https://www.ebay.com/itm/127943730914?nordt=true,https://i.ebayimg.com/images/g/dLkAAeSwfyZqPvdT/s-l1600.jpg,16041709972
iphone-12,iPhone 12,Good - Refurbished,2030,173.02,,173.02,2026-08-03,buyItNow,Apple iPhone 12 A2172 128GB Unlocked Good Condition All Colors,https://www.ebay.com/itm/127887054739?nordt=true,https://i.ebayimg.com/images/g/NcsAAeSwvnlqFjKT/s-l1600.jpg,16041709972
iphone-12,iPhone 12,Very Good - Refurbished,2020,212.99,,212.99,2026-08-03,buyItNow,Apple iPhone 12 - Unlocked - Very Good Condition (1Year Warranty),https://www.ebay.com/itm/155527514631?nordt=true,https://i.ebayimg.com/images/g/~vcAAOSwpxVhiCkd/s-l1600.jpg,16041709972
iphone-12,iPhone 12,Good - Refurbished,2030,172.93,,172.93,2026-08-03,buyItNow,Apple iPhone 12 A2172 128GB Blue Unlocked Good,https://www.ebay.com/itm/127886886645?nordt=true,https://i.ebayimg.com/images/g/UbcAAeSwQIpqFg8s/s-l1600.jpg,16041709972
iphone-12,iPhone 12,Brand New,1000,298.94,,298.94,2026-08-03,buyItNow,Apple iPhone 12 64GB 128GB 256GB (FACTORY UNLOCKED) 🔋 100% BATTERY🔋 ✤SEALED✤,https://www.ebay.com/itm/325007801737?nordt=true,https://i.ebayimg.com/images/g/wH8AAOSw4R5h6eAO/s-l1600.jpg,12041705164
iphone-12,iPhone 12,Good - Refurbished,2030,184.85,,184.85,2026-08-03,buyItNow,Apple iPhone 12 A2172 128GB Choose Color Carrier Good Refurbished,https://www.ebay.com/itm/158012162806?nordt=true,https://i.ebayimg.com/images/g/SMsAAeSwXMpqNa1I/s-l1600.jpg,13073675463
iphone-12,iPhone 12,Good - Refurbished,2030,209.99,,209.99,2026-08-03,buyItNow,Apple iPhone 12 128GB Unlocked Good Condition - All Colors,https://www.ebay.com/itm/276216614121?nordt=true,https://i.ebayimg.com/images/g/n9UAAOSwYU1lcmBs/s-l1600.jpg,13073675463
iphone-12,iPhone 12,Open Box,1500,200.0,10.01,210.01,2026-08-04,buyItNow,Apple iPhone 12 128GB Green Unlocked 6.1in iOS 12MP A14 Bionic,https://www.ebay.com/itm/168410860758?nordt=true,https://i.ebayimg.com/images/g/v7UAAeSw1OBqGJL5/s-l1600.jpg,10041718568
iphone-12,iPhone 12,Excellent - Refurbished,2010,199.57,,199.57,2026-08-04,buyItNow,iPhone 12 128GB Unlocked Excellent Condition,https://www.ebay.com/itm/127709024182?nordt=true,https://i.ebayimg.com/images/g/gP0AAeSwT4Rpog8i/s-l1600.jpg,13073675463
iphone-12,iPhone 12,Excellent - Refurbished,2010,199.39,,199.39,2026-08-04,buyItNow,Apple iPhone 12 A2172 128GB White Unlocked Excellent Condition,https://www.ebay.com/itm/127706724635?nordt=true,https://i.ebayimg.com/images/g/2W4AAeSwrpBpoISD/s-l1600.jpg,2336047347
iphone-12,iPhone 12,Very Good - Refurbished,2020,224.95,,224.95,2026-08-04,buyItNow,Apple iPhone 12 128GB Unlocked - Very Good,https://www.ebay.com/itm/403448574550?nordt=true,https://i.ebayimg.com/images/g/jjoAAOSw2~dhS2Sd/s-l1600.jpg,
iphone-12,iPhone 12,Good - Refurbished,2030,174.99,,174.99,2026-08-04,buyItNow,Apple iPhone 12 64GB 128GB 256GB Unlocked Smartphone - Good,https://www.ebay.com/itm/156833155405?nordt=true,https://i.ebayimg.com/images/g/N5cAAOSwalJnv4NH/s-l1600.jpg,13073675463
iphone-11,iPhone 11,Pre-Owned,3000,139.99,,139.99,2026-08-03,buyItNow,Unlocked Apple iPhone 11 64GB 26.5 Black MHC43LL/A,https://www.ebay.com/itm/168570817994?nordt=true,https://i.ebayimg.com/images/g/Vz8AAeSwNm9qaRkk/s-l1600.jpg,
iphone-11,iPhone 11,Pre-Owned,3000,129.99,,129.99,2026-08-03,buyItNow,"Apple iPhone 11 A2111 64GB, Unlocked, 6.1 in - Black",https://www.ebay.com/itm/168585702278?nordt=true,https://i.ebayimg.com/images/g/R7wAAeSwqmpqcKVJ/s-l1600.jpg,
iphone-11,iPhone 11,Pre-Owned,3000,89.0,10.2,99.2,2026-08-03,auctionWithBIN,Apple iPhone 11 128GB Black iOS 12MP Rear Camera Touch Screen A2111,https://www.ebay.com/itm/117326316901?nordt=true,https://i.ebayimg.com/images/g/SfQAAeSwh~xqaEtR/s-l1600.jpg,
iphone-11,iPhone 11,Pre-Owned,3000,150.0,7.99,157.99,2026-08-03,buyItNow,Apple iPhone 11 - 128 GB -  Used Condition - PURPLE- Unlocked,https://www.ebay.com/itm/318674118665?nordt=true,https://i.ebayimg.com/images/g/HVMAAeSwydZqcTXw/s-l1600.jpg,
iphone-11,iPhone 11,Pre-Owned,3000,149.95,,149.95,2026-08-03,buyItNow,Apple iPhone 11 - 256 GB - (PRODUCT)RED (Unlocked) A2111 - C Grade - 67% Bat.,https://www.ebay.com/itm/178370917025?nordt=true,https://i.ebayimg.com/images/g/eFAAAeSwZlJqcOgd/s-l1600.jpg,21034217845
iphone-11,iPhone 11,Pre-Owned,3000,174.99,,174.99,2026-08-03,buyItNow,Apple iPhone 11 (64GB) - Fully Unlocked - Very Good Condition,https://www.ebay.com/itm/127928267746?nordt=true,https://i.ebayimg.com/images/g/-4kAAeSwfEFqM0ZU/s-l1600.jpg,10073689362
iphone-11,iPhone 11,Pre-Owned,3000,134.84,3.99,138.83,2026-08-03,buyItNow,Apple iPhone 11 64GB Black A2111 (Unlocked) 80% to 89% Battery Health DV8673,https://www.ebay.com/itm/287495478024?nordt=true,https://i.ebayimg.com/images/g/QHwAAeSwJdhqIeRp/s-l1600.jpg,10073689362
iphone-11,iPhone 11,Pre-Owned,3000,119.99,,119.99,2026-08-03,buyItNow,Apple iPhone 11 (2021) A2111 | 64GB | Black | Unlocked - Grade C,https://www.ebay.com/itm/227446075743?nordt=true,https://i.ebayimg.com/images/g/sDMAAeSwQw5qY6oy/s-l1600.jpg,
iphone-11,iPhone 11,Pre-Owned,3000,102.9,,102.9,2026-08-03,buyItNow,Read* Apple iPhone 11 - 64 GB - Black (AT&T) ~m1916,https://www.ebay.com/itm/327172756511?nordt=true,https://i.ebayimg.com/images/g/p2QAAeSwCmBqEJD9/s-l1600.jpg,8034218288
iphone-11,iPhone 11,Pre-Owned,3000,158.89,,158.89,2026-08-03,buyItNow,"Apple IPhone 11 A2111 64GB 128GB Unlocked Verizon, AT&T, T-Mobile All carriers",https://www.ebay.com/itm/126763041324?nordt=true,https://i.ebayimg.com/images/g/8QEAAOSwi3ZnK4Bw/s-l1600.jpg,28034216882
iphone-11,iPhone 11,Pre-Owned,3000,89.0,19.73,108.73,2026-08-03,auction,iPhone 11 128gb Unlocked Black,https://www.ebay.com/itm/128001357255?nordt=true,https://i.ebayimg.com/images/g/U-sAAeSwwrlqar2y/s-l1600.jpg,13034214281
iphone-11,iPhone 11,Pre-Owned,3000,129.99,,129.99,2026-08-03,buyItNow,Apple iPhone 11 64GB 128GB Unlocked / Locked Carriers - Good Condition,https://www.ebay.com/itm/147246501440?nordt=true,https://i.ebayimg.com/images/g/0HcAAeSwW9xp1R54/s-l1600.jpg,
iphone-11,iPhone 11,Pre-Owned,3000,140.0,6.57,146.57,2026-08-03,buyItNow,Apple iPhone 11 64GB Factory Unlocked - 98% Battery Maximum Capacity,https://www.ebay.com/itm/327294008499?nordt=true,https://i.ebayimg.com/images/g/t-YAAeSwTN9qcUNc/s-l1600.jpg,10073689362
iphone-11,iPhone 11,Pre-Owned,3000,129.99,,129.99,2026-08-03,buyItNow,Apple iPhone 11 - 64GB 128GB 256GB - All Colors - Unlocked AT&T Verizon,https://www.ebay.com/itm/126537470685?nordt=true,https://i.ebayimg.com/images/g/xakAAOSw1TxmcyxJ/s-l1600.jpg,10073689362
iphone-11,iPhone 11,Pre-Owned,3000,135.0,,135.0,2026-08-03,buyItNow,Apple iPhone 11 - 128GB/64GB - All Colors Fully Unlocked Wi‑Fi iOS Very Good,https://www.ebay.com/itm/800156095420?nordt=true,https://i.ebayimg.com/images/g/aCcAAeSwLxhqKZes/s-l1600.jpg,12034199374
iphone-11,iPhone 11,Pre-Owned,3000,75.0,7.5,82.5,2026-08-03,auctionWithBIN,Apple iPhone 11 Black 64GB (Unlocked) Model A2111 Clean ESN Battery Fine 11A,https://www.ebay.com/itm/318674100695?nordt=true,https://i.ebayimg.com/images/g/FssAAeSwBDpqcTLf/s-l1600.jpg,10073689362
iphone-11,iPhone 11,Pre-Owned,3000,109.0,,109.0,2026-08-03,auctionWithBIN,Apple iPhone 11 - 64GB - Black MHC43LL/A unlocked,https://www.ebay.com/itm/336724173967?nordt=true,https://i.ebayimg.com/images/g/6g8AAeSwZlJqcRAc/s-l1600.jpg,10073689362
iphone-11,iPhone 11,Pre-Owned,3000,145.0,,145.0,2026-08-03,buyItNow,Apple iPhone 11 - 64 GB - (PRODUCT)RED (Unlocked),https://www.ebay.com/itm/318674111465?nordt=true,https://i.ebayimg.com/images/g/fDgAAeSw459qcSoy/s-l1600.jpg,9071462288
iphone-11,iPhone 11,Pre-Owned,3000,130.5,,130.5,2026-08-03,auction,Apple iPhone 11 - 256GB Unlocked Black,https://www.ebay.com/itm/800429849566?nordt=true,https://i.ebayimg.com/images/g/vUsAAeSwwvJqap8z/s-l1600.jpg,11034210179
iphone-11,iPhone 11,Pre-Owned,3000,135.0,,135.0,2026-08-03,buyItNow,Apple iPhone 11 - 64 GB - Black (Unlocked),https://www.ebay.com/itm/236982477990?nordt=true,https://i.ebayimg.com/images/g/OYIAAeSwvTxqcR9-/s-l1600.jpg,10073689362
iphone-11,iPhone 11,Pre-Owned,3000,143.0,,143.0,2026-08-03,auction,Apple iPhone 11 - 128GB Unlocked Black,https://www.ebay.com/itm/800429815197?nordt=true,https://i.ebayimg.com/images/g/qfAAAeSw5eRqapvb/s-l1600.jpg,13034214281
iphone-11,iPhone 11,Pre-Owned,3000,135.0,,135.0,2026-08-03,auction,Apple iPhone 11 - 128GB Unlocked Black,https://www.ebay.com/itm/366573564971?nordt=true,https://i.ebayimg.com/images/g/f-UAAeSwKs5qapia/s-l1600.jpg,13034214281
iphone-11,iPhone 11,Pre-Owned,3000,120.0,,120.0,2026-08-03,buyItNow,Apple iPhone 11 128GB 64GB Fully Unlocked Verizon Face ID Smartphone,https://www.ebay.com/itm/800455464582?nordt=true,https://i.ebayimg.com/images/g/2GUAAeSwtD9qcNdO/s-l1600.jpg,12064989149
iphone-11,iPhone 11,Pre-Owned,3000,134.99,,134.99,2026-08-03,buyItNow,Apple iPhone 11 - 64 GB - Black (Fully Unlocked) - Acceptable Condition,https://www.ebay.com/itm/198519484651?nordt=true,https://i.ebayimg.com/images/g/oZsAAeSwGjJqYpdl/s-l1600.jpg,10073689362
iphone-11,iPhone 11,Pre-Owned,3000,129.99,,129.99,2026-08-03,buyItNow,Apple iPhone 11 - 64 GB - Factory Unlocked - Purple- Low Battery 🔋,https://www.ebay.com/itm/137290100527?nordt=true,https://i.ebayimg.com/images/g/jKkAAeSwrsFqanoh/s-l1600.jpg,
iphone-11,iPhone 11,Pre-Owned,3000,142.78,,142.78,2026-08-03,buyItNow,Apple iPhone 11 A2111 USA Region Only 64GB Yellow B-,https://www.ebay.com/itm/188595057963?nordt=true,https://i.ebayimg.com/images/g/7GgAAeSwk8FqR-15/s-l1600.jpg,
iphone-11,iPhone 11,Pre-Owned,3000,127.0,,127.0,2026-08-03,buyItNow,"Apple iPhone 11 64GB/128GB - Unlocked Smartphone, Free Shipping, 30 Days Return",https://www.ebay.com/itm/389943937926?nordt=true,https://i.ebayimg.com/images/g/p2UAAeSw77xp7zYZ/s-l1600.jpg,9071462288
iphone-11,iPhone 11,Pre-Owned,3000,119.95,,119.95,2026-08-03,buyItNow,Apple iPhone 11 64 GB Red A2111 Unlocked Verizon T-Mobile AT&T Smartphone #H974,https://www.ebay.com/itm/236806260789?nordt=true,https://i.ebayimg.com/images/g/FhAAAeSw0bBp~jfr/s-l1600.jpg,9071462288
iphone-11,iPhone 11,Pre-Owned,3000,110.0,7.9,117.9,2026-08-03,buyItNow,Apple iPhone 11 - 64 GB - Black (Unlocked) Battery 100% 265 Cycles,https://www.ebay.com/itm/168585733750?nordt=true,https://i.ebayimg.com/images/g/WKEAAeSwh~xqcKgi/s-l1600.jpg,10073689362
iphone-11,iPhone 11,Pre-Owned,3000,209.99,,209.99,2026-08-03,buyItNow,phoneApple iPhone 11 256GB – Green- Unlocked - Used Very Good Condition,https://www.ebay.com/itm/327259203717?nordt=true,https://i.ebayimg.com/images/g/zjQAAeSwkXBp9Z~S/s-l1600.jpg,8034218310
iphone-11,iPhone 11,Pre-Owned,3000,130.0,,130.0,2026-08-03,auctionWithBIN,IPHONE 11 64GB MINT GREEN FULLY UNLOCKED- 97% BATTERY HEALTH (GREAT CONDITION),https://www.ebay.com/itm/278239399948?nordt=true,https://i.ebayimg.com/images/g/7kQAAeSw8fBqXD2B/s-l1600.jpg,28034216882
iphone-11,iPhone 11,Pre-Owned,3000,128.99,,128.99,2026-08-03,buyItNow,Apple iPhone 11 - 64GB - Black (Unlocked) A2111 MHCP3LL/A Used,https://www.ebay.com/itm/407005762774?nordt=true,https://i.ebayimg.com/images/g/tUsAAOSw4-tmKjZV/s-l1600.jpg,10073689362
iphone-11,iPhone 11,Pre-Owned,3000,134.5,8.13,142.63,2026-08-03,auction,iPhone 11 - Unlocked - Excellent Shape,https://www.ebay.com/itm/327281946517?nordt=true,https://i.ebayimg.com/images/g/quYAAeSwNRxqZ9rx/s-l1600.jpg,10073689362
iphone-11,iPhone 11,Pre-Owned,3000,119.95,,119.95,2026-08-03,buyItNow,Apple iPhone 11 - 64GB - Black (Unlocked) A2111 - Works - 88% Bat. - Read Desc.,https://www.ebay.com/itm/188738461588?nordt=true,https://i.ebayimg.com/images/g/SA8AAeSwHjVqcPsM/s-l1600.jpg,10073689362
iphone-11,iPhone 11,Pre-Owned,3000,145.0,,145.0,2026-08-04,auctionWithBIN,"Apple iPhone 11 64GB -  6.1"" Black -Unlocked",https://www.ebay.com/itm/147482782854?nordt=true,https://i.ebayimg.com/images/g/32QAAeSwOk1qcgfi/s-l1600.jpg,
iphone-11,iPhone 11,Pre-Owned,3000,112.5,6.68,119.18,2026-08-04,auction,Apple iPhone 11 64GB White Unlocked,https://www.ebay.com/itm/236969696588?nordt=true,https://i.ebayimg.com/images/g/MG0AAeSw~oJqaUsw/s-l1600.jpg,16075028285
iphone-11,iPhone 11,Pre-Owned,3000,119.99,,119.99,2026-08-04,buyItNow,"WEAK BATTERY GSM UNLOCKED iPhone 11, 64GB A2111 MH8D3LL/A IOS 26.2 (77% BATTERY)",https://www.ebay.com/itm/389578098140?nordt=true,https://i.ebayimg.com/images/g/GjQAAeSwnBxphN9k/s-l1600.jpg,10073689362
iphone-11,iPhone 11,Pre-Owned,3000,90.0,7.99,97.99,2026-08-04,auctionWithBIN,Apple iPhone 11 64GB Black TracFone Straight Talk Only Nice Condition,https://www.ebay.com/itm/257648025790?nordt=true,https://i.ebayimg.com/images/g/P~0AAeSwxMpqaTRe/s-l1600.jpg,12064989149
iphone-11,iPhone 11,Pre-Owned,3000,119.99,6.17,126.16,2026-08-04,buyItNow,Apple iPhone 11 64GB Purple Unlocked 6.1in A13 Bionic 12MP A2111,https://www.ebay.com/itm/358884553417?nordt=true,https://i.ebayimg.com/images/g/5osAAeSw0ZZqcllG/s-l1600.jpg,3065005785
iphone-11,iPhone 11,Pre-Owned,3000,149.99,,149.99,2026-08-04,buyItNow,Factory Unlocked Apple iPhone 11 64GB Product Red MWKP2LL/A,https://www.ebay.com/itm/398250445701?nordt=true,https://i.ebayimg.com/images/g/OZUAAeSw2MxqcmOt/s-l1600.jpg,9071462288
iphone-11,iPhone 11,Pre-Owned,3000,99.99,8.99,108.98,2026-08-04,buyItNow,Apple iPhone 11 - 64 GB - Black (Unlocked),https://www.ebay.com/itm/318676962030?nordt=true,https://i.ebayimg.com/images/g/yyMAAeSw17BqcOFC/s-l1600.jpg,10073689362
iphone-11,iPhone 11,Pre-Owned,3000,139.0,,139.0,2026-08-04,buyItNow,iphone 11 unlocked 64gb batt health 85,https://www.ebay.com/itm/198547341906?nordt=true,https://i.ebayimg.com/images/g/n00AAeSwvgVoIP2v/s-l1600.jpg,10073689362
iphone-11,iPhone 11,Pre-Owned,3000,115.0,6.69,121.69,2026-08-04,buyItNow,Apple iPhone 11 64GB- Good Condition - TMobile Locked: BH 100%,https://www.ebay.com/itm/178024739961?nordt=true,https://i.ebayimg.com/images/g/RgQAAeSwDTNp0oOW/s-l1600.jpg,13034214301
iphone-11,iPhone 11,Pre-Owned,3000,123.0,12.0,135.0,2026-08-04,auction,Apple iPhone 11 - 128 GB - Black (Unlocked),https://www.ebay.com/itm/307100463672?nordt=true,https://i.ebayimg.com/images/g/AxEAAeSwEFNqbmgi/s-l1600.jpg,
iphone-11,iPhone 11,Pre-Owned,3000,104.99,,104.99,2026-08-04,buyItNow,Apple iPhone 11 64GB (ATT or Cricket) GRAY 95% Battery Health FREE BUNDLE & SHIP,https://www.ebay.com/itm/327285841107?nordt=true,https://i.ebayimg.com/images/g/zVEAAeSwhQNqWEbk/s-l1600.jpg,
iphone-11,iPhone 11,Pre-Owned,3000,105.0,6.8,111.8,2026-08-04,buyItNow,Apple iPhone 11 64GB Black iOS Smartphone 6.1in 12MP Dual SIM (eSIM),https://www.ebay.com/itm/336726333375?nordt=true,https://i.ebayimg.com/images/g/2t0AAeSwAY9qclQ8/s-l1600.jpg,
iphone-11,iPhone 11,Pre-Owned,3000,98.99,,98.99,2026-08-04,buyItNow,Poor - Apple iPhone 11 64GB White (Unlocked) Smartphone - SEE NOTES - Free Ship,https://www.ebay.com/itm/168589023866?nordt=true,https://i.ebayimg.com/images/g/YFIAAeSwgUdqclAc/s-l1600.jpg,16075028285
iphone-11,iPhone 11,Pre-Owned,3000,110.0,8.13,118.13,2026-08-04,buyItNow,Apple iPhone 11 - 64 GB - Teal (Straight Talk),https://www.ebay.com/itm/366453568088?nordt=true,https://i.ebayimg.com/images/g/Dl4AAeSwkxNp6HYM/s-l1600.jpg,24064992483
iphone-11,iPhone 11,Pre-Owned,3000,107.5,6.57,114.07,2026-08-04,auction,Apple iPhone 11 - 64 GB - Black (SIM Locked AT&T),https://www.ebay.com/itm/236977433965?nordt=true,https://i.ebayimg.com/images/g/LxYAAeSwIoZqbWLy/s-l1600.jpg,
iphone-11,iPhone 11,Pre-Owned,3000,124.0,,124.0,2026-08-04,buyItNow,iphone 11 unlocked 64gb batt health 79,https://www.ebay.com/itm/198547339940?nordt=true,https://i.ebayimg.com/images/g/euQAAeSwlFVo87zp/s-l1600.jpg,
iphone-11,iPhone 11,Pre-Owned,3000,115.0,8.05,123.05,2026-08-04,buyItNow,Apple iPhone 11 128GB Black Unlocked,https://www.ebay.com/itm/377394783185?nordt=true,https://i.ebayimg.com/images/g/0rEAAeSwwzRqckSz/s-l1600.jpg,13034214281
iphone-11,iPhone 11,Pre-Owned,3000,124.99,8.99,133.98,2026-08-04,buyItNow,Apple iPhone 11 - 64 GB - Black (Unlocked),https://www.ebay.com/itm/158150524076?nordt=true,https://i.ebayimg.com/images/g/lnkAAeSw-1dqcN82/s-l1600.jpg,10073689362
iphone-11,iPhone 11,Pre-Owned,3000,130.0,6.57,136.57,2026-08-04,auction,Apple iPhone 11 - 64 GB - Black (Unlocked),https://www.ebay.com/itm/236977432380?nordt=true,https://i.ebayimg.com/images/g/TX8AAeSwlYhqbWwB/s-l1600.jpg,10073689362
iphone-11,iPhone 11,Pre-Owned,3000,350.0,,350.0,2026-08-04,buyItNow,(Lot Of 4) Apple iPhone 11 - 64 GB - Mixed Colors (Unlocked) - Great Deal 💰,https://www.ebay.com/itm/128009154040?nordt=true,https://i.ebayimg.com/images/g/J1IAAeSwtPhqcPA6/s-l1600.jpg,3065005785
iphone-11,iPhone 11,Pre-Owned,3000,86.0,6.57,92.57,2026-08-04,auction,Apple iPhone 11 - 64 GB - White (SIM Locked AT&T),https://www.ebay.com/itm/236977431693?nordt=true,https://i.ebayimg.com/images/g/M6gAAeSw9ZVqbV6o/s-l1600.jpg,11075023758
iphone-11,iPhone 11,Pre-Owned,3000,127.5,6.57,134.07,2026-08-04,auction,Apple iPhone 11 - 64 GB - Black (Unlocked),https://www.ebay.com/itm/236977426256?nordt=true,https://i.ebayimg.com/images/g/xfQAAeSwHg9qbXcs/s-l1600.jpg,10073689362
iphone-11,iPhone 11,Pre-Owned,3000,134.95,,134.95,2026-08-04,buyItNow,Apple iPhone 11 - 64 GB - Purple (Factory Unlocked) A2111 - Works - Good Cond,https://www.ebay.com/itm/178374197947?nordt=true,https://i.ebayimg.com/images/g/MNsAAeSwhQNqci4j/s-l1600.jpg,3065005785
iphone-11,iPhone 11,Pre-Owned,3000,127.0,7.22,134.22,2026-08-04,buyItNow,Apple iPhone 11 64GB A2111 Black 85% BH (Unlocked) - READ,https://www.ebay.com/itm/398239087760?nordt=true,https://i.ebayimg.com/images/g/ceoAAeSwzmFqbkeu/s-l1600.jpg,10073689362
iphone-11,iPhone 11,Pre-Owned,3000,160.0,,160.0,2026-08-04,buyItNow,Apple iPhone 11 64GB Fully Unlocked GSM/CDMA - Black/Purple- Excellent Condition,https://www.ebay.com/itm/406701490760?nordt=true,https://i.ebayimg.com/images/g/bjAAAeSw~1Rpk16e/s-l1600.jpg,3065005785
iphone-11,iPhone 11,Pre-Owned,3000,125.0,,125.0,2026-08-04,buyItNow,"Unlocked Apple iPhone 11 4G - 64 GB Storage, 4 GB RAM - Good Screen & IMEI",https://www.ebay.com/itm/147482785300?nordt=true,https://i.ebayimg.com/images/g/lSYAAeSwRydqcg9x/s-l1600.jpg,
iphone-11,iPhone 11,Pre-Owned,3000,119.99,7.99,127.98,2026-08-04,buyItNow,Apple iPhone 11  64GB  Black A2111 -82% Battery Unlocked all Carrier,https://www.ebay.com/itm/307105509642?nordt=true,https://i.ebayimg.com/images/g/I4YAAeSw8fBqcVuh/s-l1600.jpg,10073689362
iphone-11,iPhone 11,Pre-Owned,3000,140.25,,140.25,2026-08-04,buyItNow,Apple iPhone 11 GSM+CDMA 128GB Black A2111 Unlocked - Grade B #4,https://www.ebay.com/itm/398224378723?nordt=true,https://i.ebayimg.com/images/g/xtcAAeSwMttqaN3D/s-l1600.jpg,
iphone-11,iPhone 11,Pre-Owned,3000,113.0,6.58,119.58,2026-08-04,buyItNow,Apple iPhone 11 Unlocked Model MHCA3LL/A Black 128GB Battery 74% Good Condition,https://www.ebay.com/itm/257661410115?nordt=true,https://i.ebayimg.com/images/g/5wMAAeSwYJFqcgem/s-l1600.jpg,13034214281
iphone-11,iPhone 11,Pre-Owned,3000,95.0,6.58,101.58,2026-08-04,buyItNow,Apple iPhone 11 Unlocked Model MH8E3LL/A White 64GB 69% Battery Good Condition,https://www.ebay.com/itm/257661413226?nordt=true,https://i.ebayimg.com/images/g/jl0AAeSwRRNqcgio/s-l1600.jpg,16075028285
iphone-11,iPhone 11,Pre-Owned,3000,114.95,,114.95,2026-08-04,buyItNow,Apple iPhone 11 - 64 GB - Black (Factory Unlocked) A2111 - 78% Bat - Read Desc.,https://www.ebay.com/itm/178370563754?nordt=true,https://i.ebayimg.com/images/g/DcsAAeSwlktqcMIp/s-l1600.jpg,10073689362
iphone-11,iPhone 11,Pre-Owned,3000,99.99,,99.99,2026-08-04,buyItNow,Apple iPhone 11 64GB SIM LOCKED Black MHCP3LL/A Poor BH 74% F2B10,https://www.ebay.com/itm/128004123491?nordt=true,https://i.ebayimg.com/images/g/MVcAAeSwSwhqbPpJ/s-l1600.jpg,
iphone-11,iPhone 11,Pre-Owned,3000,85.0,9.54,94.54,2026-08-04,buyItNow,Apple iPhone 11 Smartphone Black Slate iOS Operating System 12MP Camera,https://www.ebay.com/itm/358881122763?nordt=true,https://i.ebayimg.com/images/g/l9IAAeSwcXdqcWrp/s-l1600.jpg,10073689362
iphone-11,iPhone 11,Pre-Owned,3000,119.95,,119.95,2026-08-04,buyItNow,Apple iPhone 11 - 64 GB - Black (Unlocked),https://www.ebay.com/itm/188742169789?nordt=true,https://i.ebayimg.com/images/g/EI8AAeSwD-lqcd8A/s-l1600.jpg,10073689362
iphone-11,iPhone 11,Pre-Owned,3000,135.0,,135.0,2026-08-04,buyItNow,"Apple iPhone 11 128GB/64GB Unlocked - Good Condition, Free Shipping!",https://www.ebay.com/itm/800032262486?nordt=true,https://i.ebayimg.com/images/g/EQEAAeSwXf5qCg2X/s-l1600.jpg,16075028285
iphone-11,iPhone 11,Pre-Owned,3000,129.99,,129.99,2026-08-04,buyItNow,Apple iPhone 11 64GB 128GB 256GB Unlocked Smartphone - HEAVY SCRATCH,https://www.ebay.com/itm/156808973651?nordt=true,https://i.ebayimg.com/images/g/dEkAAOSwv8xn2d6-/s-l1600.jpg,10073689362
iphone-11,iPhone 11,Pre-Owned,3000,138.0,9.35,147.35,2026-08-04,buyItNow,apple iphone 11 - 64 gb - black unlocked,https://www.ebay.com/itm/336724376634?nordt=true,https://i.ebayimg.com/images/g/05UAAeSwgxZqcTlZ/s-l1600.jpg,10073689362
iphone-11,iPhone 11,Pre-Owned,3000,98.0,9.35,107.35,2026-08-04,buyItNow,Apple iPhone 11 64GB White iOS Smartphone 12MP Camera Model A2111 Used,https://www.ebay.com/itm/366583576705?nordt=true,https://i.ebayimg.com/images/g/hbUAAeSwv99qcLVs/s-l1600.jpg,
iphone-11,iPhone 11,Pre-Owned,3000,145.0,13.0,158.0,2026-08-04,buyItNow,iphone 11 unlocked 64gb,https://www.ebay.com/itm/278208005230?nordt=true,https://i.ebayimg.com/images/g/69gAAeSwU7hqYRIT/s-l1600.jpg,10073689362
iphone-11,iPhone 11,Pre-Owned,3000,140.25,,140.25,2026-08-04,buyItNow,Apple iPhone 11 GSM+CDMA 128GB Black A2111 Unlocked - Grade B  #3,https://www.ebay.com/itm/178351688712?nordt=true,https://i.ebayimg.com/images/g/CaUAAeSwRQxqaN2c/s-l1600.jpg,
iphone-11,iPhone 11,Pre-Owned,3000,140.25,,140.25,2026-08-04,buyItNow,Apple iPhone 11 GSM+CDMA 128GB Black A2111 Unlocked - Grade B,https://www.ebay.com/itm/188708150271?nordt=true,https://i.ebayimg.com/images/g/UA0AAeSwzDRqaN05/s-l1600.jpg,
iphone-11,iPhone 11,Pre-Owned,3000,134.99,,134.99,2026-08-04,buyItNow,Apple iPhone 11 64GB Unlocked Black A2111 MHCP3LL/A BH Under 80% Good,https://www.ebay.com/itm/147368692691?nordt=true,https://i.ebayimg.com/images/g/l7gAAeSwFNhqK7cE/s-l1600.jpg,10073689362
iphone-11,iPhone 11,Pre-Owned,3000,140.25,,140.25,2026-08-04,buyItNow,Apple. iPhone 11 GSM+CDMA 128GB Black A2111 Unlocked - Grade B #2,https://www.ebay.com/itm/398224364465?nordt=true,https://i.ebayimg.com/images/g/oVkAAeSw3QtqaN1l/s-l1600.jpg,
iphone-11,iPhone 11,Pre-Owned,3000,140.25,,140.25,2026-08-04,buyItNow,Apple iPhone 11 GSM+CDMA 128GB Black A2111 Unlocked - Grade B  #5,https://www.ebay.com/itm/398224380770?nordt=true,https://i.ebayimg.com/images/g/L4EAAeSwx7pqaN3n/s-l1600.jpg,
iphone-11,iPhone 11,Pre-Owned,3000,169.0,9.69,178.69,2026-08-04,buyItNow,Apple iPhone 11 Factory Unlocked Great Condition 128 GB,https://www.ebay.com/itm/257657292399?nordt=true,https://i.ebayimg.com/images/g/aMgAAeSwOk1qb5u8/s-l1600.jpg,13034214281
iphone-11,iPhone 11,Pre-Owned,3000,144.99,,144.99,2026-08-04,buyItNow,"TESTED USED GSM UNLOCKED iPhone 11, 64GB A2111 MHC63LL/A iOS 26.2.1, 83% BATTERY",https://www.ebay.com/itm/389660516095?nordt=true,https://i.ebayimg.com/images/g/bTYAAeSwCx9pnLn8/s-l1600.jpg,9071462288
iphone-11,iPhone 11,Parts Only,7000,40.0,,40.0,2026-08-03,buyItNow,Unlocked Apple iPhone 11 64GB NWHJ2LL/A Cracked Screen And Cracked Back,https://www.ebay.com/itm/377392377227?nordt=true,https://i.ebayimg.com/images/g/GjMAAeSwnN9qcTN2/s-l1600.jpg,
iphone-11,iPhone 11,Parts Only,7000,89.99,,89.99,2026-08-03,buyItNow,Unlocked Apple iPhone 11 A2111 64GB BH76% Black - For Parts,https://www.ebay.com/itm/366583639635?nordt=true,https://i.ebayimg.com/images/g/7TkAAeSwaTJqcL5c/s-l1600.jpg,10073689362
iphone-11,iPhone 11,Parts Only,7000,39.99,,39.99,2026-08-03,buyItNow,Apple iPhone 11 64GB Black Sprint No Power,https://www.ebay.com/itm/398225034235?nordt=true,https://i.ebayimg.com/images/g/i5kAAeSw2VhqaR4v/s-l1600.jpg,
iphone-11,iPhone 11,Parts Only,7000,89.99,,89.99,2026-08-03,buyItNow,Broken Unlocked Apple iPhone 11 64GB 18.6.2 MWJG2LL/A READ,https://www.ebay.com/itm/318673462705?nordt=true,https://i.ebayimg.com/images/g/GxAAAeSwVktqcQax/s-l1600.jpg,9071462288
iphone-11,iPhone 11,Parts Only,7000,60.0,6.37,66.37,2026-08-03,buyItNow,Apple iPhone 11 64GB Black 12MP (For Parts/Not Working),https://www.ebay.com/itm/318674096112?nordt=true,https://i.ebayimg.com/images/g/7kAAAeSw46tqcTOj/s-l1600.jpg,
iphone-11,iPhone 11,Parts Only,7000,70.0,6.37,76.37,2026-08-03,buyItNow,Apple iPhone 11 64GB Black 12MP (For Parts/Not Working),https://www.ebay.com/itm/318674093462?nordt=true,https://i.ebayimg.com/images/g/d9AAAeSwUKRqcTEn/s-l1600.jpg,
iphone-11,iPhone 11,Parts Only,7000,99.99,,99.99,2026-08-03,buyItNow,Broken Unlocked Apple iPhone 11 64GB 26.5 MHCP3LL/A Service Battery,https://www.ebay.com/itm/377391893280?nordt=true,https://i.ebayimg.com/images/g/uqYAAeSw6XlqcOmM/s-l1600.jpg,
iphone-11,iPhone 11,Parts Only,7000,74.0,,74.0,2026-08-04,buyItNow,Unlocked iPhone 11 For Repair Needs Screen,https://www.ebay.com/itm/117341187444?nordt=true,https://i.ebayimg.com/images/g/TXsAAeSwK8xqcoHD/s-l1600.jpg,10073689362
iphone-11,iPhone 11,Parts Only,7000,74.0,,74.0,2026-08-04,buyItNow,Unlocked iPhone 11 For Repair Needs Screen Bundle,https://www.ebay.com/itm/407120750299?nordt=true,https://i.ebayimg.com/images/g/aiYAAeSwYttqcnbL/s-l1600.jpg,10073689362
iphone-11,iPhone 11,Parts Only,7000,119.99,,119.99,2026-08-04,buyItNow,Apple iPhone 11 64GB Black Unlocked Cracked Screen,https://www.ebay.com/itm/398134553994?nordt=true,https://i.ebayimg.com/images/g/TooAAeSwYoFqR1P7/s-l1600.jpg,10073689362
iphone-11,iPhone 11,Parts Only,7000,60.0,6.75,66.75,2026-08-04,buyItNow,Apple iPhone 11 64GB - Green.                            Parts Only - ** READ **,https://www.ebay.com/itm/318607041005?nordt=true,https://i.ebayimg.com/images/g/FDwAAeSwpx9qXVXU/s-l1600.jpg,28034216882
iphone-11,iPhone 11,Parts Only,7000,74.0,,74.0,2026-08-04,buyItNow,Unlocked iPhone 11 For Repair Needs Screen 94% Battery Bundle,https://www.ebay.com/itm/117340970606?nordt=true,https://i.ebayimg.com/images/g/pvUAAeSwFuJqclvo/s-l1600.jpg,10073689362
iphone-11,iPhone 11,Parts Only,7000,55.0,9.42,64.42,2026-08-04,buyItNow,Apple Iphone 11 128gb att Read Description,https://www.ebay.com/itm/398246806054?nordt=true,https://i.ebayimg.com/images/g/5AIAAeSw9ZVqaNqX/s-l1600.jpg,12034199374
iphone-11,iPhone 11,Parts Only,7000,60.0,10.43,70.43,2026-08-04,buyItNow,Apple iPhone 11 - 64 GB - Unlocked - (Read Discription),https://www.ebay.com/itm/377391941501?nordt=true,https://i.ebayimg.com/images/g/-T0AAeSw-1dqXB5W/s-l1600.jpg,
iphone-11,iPhone 11,Parts Only,7000,20.23,6.58,26.81,2026-08-04,auctionWithBIN,Apple iPhone 11 64GB Purple Bluetooth/Wi‑Fi Cracked Back Parts,https://www.ebay.com/itm/377377078829?nordt=true,https://i.ebayimg.com/images/g/m-0AAeSwAzZqaR2H/s-l1600.jpg,
iphone-11,iPhone 11,Parts Only,7000,89.99,6.57,96.56,2026-08-04,buyItNow,Apple iPhone 11 - 256 GB - Black (Unlocked) - 93% Battery - DAMAGED,https://www.ebay.com/itm/407120477922?nordt=true,https://i.ebayimg.com/images/g/CcQAAeSw8QJqckwI/s-l1600.jpg,11034210179
iphone-11,iPhone 11,Parts Only,7000,34.99,6.0,40.99,2026-08-04,buyItNow,Apple Iphone 11 Black . FOR PARTS/REPAIR. MINT Condition.,https://www.ebay.com/itm/137579349581?nordt=true,https://i.ebayimg.com/images/g/nLQAAeSwvqJqb9Jd/s-l1600.jpg,
iphone-11,iPhone 11,Parts Only,7000,94.99,,94.99,2026-08-04,buyItNow,Broken Unlocked Apple iPhone 11 64GB 18.3.1 MHCP3LL/A Read,https://www.ebay.com/itm/278234769162?nordt=true,https://i.ebayimg.com/images/g/5SMAAeSw6QhqbNv-/s-l1600.jpg,
iphone-11,iPhone 11,Parts Only,7000,75.0,6.58,81.58,2026-08-04,buyItNow,Apple iPhone 11 Red 64GB Passcode Locked Broken Front & Back Camera Repair,https://www.ebay.com/itm/287429759943?nordt=true,https://i.ebayimg.com/images/g/C4sAAeSwIDZqRDxr/s-l1600.jpg,9071462288
iphone-11,iPhone 11,Parts Only,7000,89.99,,89.99,2026-08-04,buyItNow,Broken Unlocked Apple iPhone 11 128GB 17.4.1 MWKY2LL/A Read,https://www.ebay.com/itm/278214383885?nordt=true,https://i.ebayimg.com/images/g/UGkAAeSwAY9qY5Xv/s-l1600.jpg,21034217815
iphone-11,iPhone 11,Parts Only,7000,80.0,,80.0,2026-08-04,buyItNow,iPhone 11 (PRODUCT)RED 64GB/128GB - No Power/Slight Top Corner Crack - FOR PARTS,https://www.ebay.com/itm/168586992329?nordt=true,https://i.ebayimg.com/images/g/u60AAeSwZB9qcVOf/s-l1600.jpg,21034217845
iphone-11,iPhone 11,Parts Only,7000,99.99,,99.99,2026-08-04,buyItNow,Unlocked Apple iPhone 11 A2111 64GB White - Service Battery 71%,https://www.ebay.com/itm/318677546337?nordt=true,https://i.ebayimg.com/images/g/jhAAAeSwrndqcg7j/s-l1600.jpg,16075028285
iphone-11,iPhone 11,Parts Only,7000,19.5,10.0,29.5,2026-08-04,auctionWithBIN,Apple iPhone 11 RED (No Logo) Read Description,https://www.ebay.com/itm/407104310219?nordt=true,https://i.ebayimg.com/images/g/jWgAAeSwuZlqaNXV/s-l1600.jpg,9071462288
iphone-11,iPhone 11,Parts Only,7000,330.99,15.0,345.99,2026-08-04,buyItNow,iPhone SE 2020 2nd Gen 64GB  *Read*971*- 11 phones,https://www.ebay.com/itm/198547159607?nordt=true,https://i.ebayimg.com/images/g/Db0AAeSwINxqcf5Z/s-l1600.jpg,9064997363
iphone-11,iPhone 11,Parts Only,7000,35.0,6.17,41.17,2026-08-04,buyItNow,Apple iPhone 11 Parts or Repair,https://www.ebay.com/itm/366585944185?nordt=true,https://i.ebayimg.com/images/g/YH4AAeSwTy5qcfnY/s-l1600.jpg,13034214281
iphone-11,iPhone 11,Parts Only,7000,129.99,,129.99,2026-08-04,buyItNow,"CRACKED REAR GLASS, GSM UNLOCKED iPhone 11, 128GB A2111 MHCA3LL/A iOS 26.0.1.",https://www.ebay.com/itm/800273840304?nordt=true,https://i.ebayimg.com/images/g/BScAAeSw5epqRXV8/s-l1600.jpg,13034214281
iphone-11,iPhone 11,Parts Only,7000,89.99,,89.99,2026-08-04,buyItNow,Apple iPhone 11  64 GB - Black (Unlocked) - Cracked - BH 72% - Display Replaced,https://www.ebay.com/itm/117338694638?nordt=true,https://i.ebayimg.com/images/g/qg8AAeSwvTxqb2jL/s-l1600.jpg,10073689362
iphone-11,iPhone 11,Parts Only,7000,240.99,15.0,255.99,2026-08-04,buyItNow,Apple iPhone 11  (Unlocked)-128GB **Read*965*-  3 phones,https://www.ebay.com/itm/198546902082?nordt=true,https://i.ebayimg.com/images/g/xYwAAeSw24Rqcdmq/s-l1600.jpg,13034214281
iphone-11,iPhone 11,Parts Only,7000,39.88,7.04,46.92,2026-08-04,buyItNow,Apple iPhone 11 - Black Untested SKU:G,https://www.ebay.com/itm/267610177948?nordt=true,https://i.ebayimg.com/images/g/69cAAeSwEGZpuKZ-/s-l1600.jpg,
iphone-11,iPhone 11,Parts Only,7000,55.97,24.5,80.47,2026-08-04,buyItNow,Apple iPhone 11 – Cracked Screen & Back – Untested – Parts Only Lot (7),https://www.ebay.com/itm/136454807299?nordt=true,https://i.ebayimg.com/images/g/mzcAAeSw~CloxOFk/s-l1600.jpg,
iphone-11,iPhone 11,Very Good - Refurbished,2020,164.99,,164.99,2026-08-03,buyItNow,Apple iPhone 11 64GB Unlocked Very Good Condition - All Colors,https://www.ebay.com/itm/276216536192?nordt=true,https://i.ebayimg.com/images/g/9TYAAOSwdrJlclQB/s-l1600.jpg,10073689362
iphone-11,iPhone 11,Very Good - Refurbished,2020,164.95,,164.95,2026-08-03,buyItNow,Apple iPhone 11 - 64 GB - Black (Unlocked) Smartphone - Very Good,https://www.ebay.com/itm/277963366364?nordt=true,https://i.ebayimg.com/images/g/scoAAeSwCB9p-4X~/s-l1600.jpg,10073689362
iphone-11,iPhone 11,Good - Refurbished,2030,152.51,,152.51,2026-08-03,buyItNow,Apple iPhone 11 A2111 64GB Unlocked Good All Colors,https://www.ebay.com/itm/127999241778?nordt=true,https://i.ebayimg.com/images/g/cfIAAeSw6QhqaS5p/s-l1600.jpg,28034216882
iphone-11,iPhone 11,Good - Refurbished,2030,164.34,,164.34,2026-08-03,buyItNow,Apple iPhone 11 A2111 128GB Unlocked Good All Colors,https://www.ebay.com/itm/127999238491?nordt=true,https://i.ebayimg.com/images/g/trMAAeSw2MxqaS4u/s-l1600.jpg,13034214281
iphone-11,iPhone 11,Good - Refurbished,2030,154.99,,154.99,2026-08-03,buyItNow,Apple iPhone 11 128GB/256GB Fully Unlocked SmartPhone Good,https://www.ebay.com/itm/325961732047?nordt=true,https://i.ebayimg.com/images/g/Hs0AAOSwnDdfF8YT/s-l1600.jpg,3065005785
iphone-11,iPhone 11,Good - Refurbished,2030,145.99,,145.99,2026-08-03,buyItNow,Apple iPhone 11 64GB Unlocked Black A2111 MHCP3LL/A Very Good,https://www.ebay.com/itm/127888741476?nordt=true,https://i.ebayimg.com/images/g/dEUAAeSwHpNp-hpj/s-l1600.jpg,10073689362
iphone-11,iPhone 11,Good - Refurbished,2030,129.95,,129.95,2026-08-03,buyItNow,Apple iPhone 11 64GB Black A2111 MH8D3LL/A AT&T Clean ESN Good (ME),https://www.ebay.com/itm/196947428345?nordt=true,https://i.ebayimg.com/images/g/rVMAAOSwe69jfkA9/s-l1600.jpg,8034218288
iphone-11,iPhone 11,Brand New,1000,122.0,,122.0,2026-08-03,buyItNow,Apple iPhone 11 64GB Black LTE Cellular Straight Talk/TracFone MWL72LL/A - TF,https://www.ebay.com/itm/135663890570?nordt=true,https://i.ebayimg.com/images/g/VccAAeSw3MRphsjA/s-l1600.jpg,10073689362
iphone-11,iPhone 11,Excellent - Refurbished,2010,189.99,,189.99,2026-08-03,buyItNow,Apple iPhone 11 64GB Unlocked Excellent Condition - All Colors,https://www.ebay.com/itm/276216536054?nordt=true,https://i.ebayimg.com/images/g/ub4AAOSwiCplclQJ/s-l1600.jpg,10073689362
iphone-11,iPhone 11,Open Box,1500,110.0,7.22,117.22,2026-08-03,buyItNow,iPhone 11 Unlocked,https://www.ebay.com/itm/137582639832?nordt=true,https://i.ebayimg.com/images/g/MsUAAeSwraVqcRHJ/s-l1600.jpg,16075028285
iphone-11,iPhone 11,Brand New,1000,239.99,,239.99,2026-08-04,buyItNow,Brand New Sealed Apple iPhone 11 A2111 64GB UNLOCKED Black NEW IN BOX,https://www.ebay.com/itm/358796458978?nordt=true,https://i.ebayimg.com/images/g/3J4AAeSwBgdpe6BX/s-l1600.jpg,10073689362
iphone-11,iPhone 11,Brand New,1000,111.5,,111.5,2026-08-04,auction,iPhone 11,https://www.ebay.com/itm/278231430946?nordt=true,https://i.ebayimg.com/images/g/VQMAAeSwizZqa2wq/s-l1600.jpg,8034218288
iphone-11,iPhone 11,Very Good - Refurbished,2020,165.0,,165.0,2026-08-04,buyItNow,Apple iPhone 11 - 64 | 128 | 256 GB - Fully Unlocked - Very Good Condition,https://www.ebay.com/itm/126796000598?nordt=true,https://i.ebayimg.com/images/g/HGAAAOSwTz5nROoh/s-l1600.jpg,10073689362
iphone-11,iPhone 11,Excellent - Refurbished,2010,159.55,,159.55,2026-08-04,buyItNow,Apple iPhone 11 64GB Black A2111 (Unlocked) EXCELLENT,https://www.ebay.com/itm/278226031780?nordt=true,https://i.ebayimg.com/images/g/KR4AAeSwpwZqaREx/s-l1600.jpg,10073689362
galaxy-s23,Samsung Galaxy S23,Pre-Owned,3000,219.98,,219.98,2026-05-12,buyItNow,Samsung Galaxy S23 5G 256GB (Unlocked) - Green,https://www.ebay.com/itm/366404557393?nordt=true,https://i.ebayimg.com/images/g/YcgAAeSw5spqA21y/s-l1600.jpg,19058731150
galaxy-s23,Samsung Galaxy S23,Pre-Owned,3000,233.0,,233.0,2026-07-30,buyItNow,"Samsung Galaxy S23, Fully Unlocked | Black, 128GB, 6.1 in | Grade B+ | SM-S911",https://www.ebay.com/itm/407100535039?nordt=true,https://i.ebayimg.com/images/g/xJoAAeSw2AdqZrTN/s-l1600.jpg,5065009608
galaxy-s23,Samsung Galaxy S23,Pre-Owned,3000,212.0,,212.0,2026-07-30,buyItNow,"Samsung Galaxy S23, Fully Unlocked | 128 GB, Purple, 6.1 in | B+ Grade | SM-S911",https://www.ebay.com/itm/407100589838?nordt=true,https://i.ebayimg.com/images/g/eFkAAeSwRRNqZr4i/s-l1600.jpg,
galaxy-s23,Samsung Galaxy S23,Pre-Owned,3000,195.0,,195.0,2026-08-02,buyItNow,Samsung Galaxy S23 128GB Black Smartphone Verizon Unlocked,https://www.ebay.com/itm/147434556053?nordt=true,https://i.ebayimg.com/images/g/OE8AAeSw1ihqVWHw/s-l1600.jpg,12059034340
galaxy-s23,Samsung Galaxy S23,Pre-Owned,3000,225.0,11.0,236.0,2026-08-02,buyItNow,Samsung Galaxy s23 5G 128GB unlocked,https://www.ebay.com/itm/168582286918?nordt=true,https://i.ebayimg.com/images/g/bJ8AAeSwBFtqbuKp/s-l1600.jpg,5065009608
galaxy-s23,Samsung Galaxy S23,Pre-Owned,3000,600.0,7.22,607.22,2026-08-02,buyItNow,Samsung Galaxy S23 - 256 GB - Phantom Black (Unlocked),https://www.ebay.com/itm/257657774693?nordt=true,https://i.ebayimg.com/images/g/N~wAAeSwRRNqb-ak/s-l1600.jpg,20072302568
galaxy-s23,Samsung Galaxy S23,Pre-Owned,3000,284.99,,284.99,2026-08-02,buyItNow,Samsung Galaxy S23 5G -  Verizon Only - Excellent Mint Condition,https://www.ebay.com/itm/227279495472?nordt=true,https://i.ebayimg.com/images/g/DrcAAeSwb1Zpwpys/s-l1600.jpg,5065009608
galaxy-s23,Samsung Galaxy S23,Pre-Owned,3000,225.62,,225.62,2026-08-03,buyItNow,Samsung Galaxy S23 - 256 GB - Green (T-Mobile Unlocked) #781,https://www.ebay.com/itm/327165574180?nordt=true,https://i.ebayimg.com/images/g/pssAAeSwA7pqC2Se/s-l1600.jpg,19058731150
galaxy-s23,Samsung Galaxy S23,Pre-Owned,3000,599.99,,599.99,2026-08-03,buyItNow,"THREE USED GSM UNLOCKED SAMSUNG GALAXY S23, SM-S911U 128GB ANDROID SMARTPHONES",https://www.ebay.com/itm/389005556884?nordt=true,https://i.ebayimg.com/images/g/zQwAAeSwXhxo0uyZ/s-l1600.jpg,5065009608
galaxy-s23,Samsung Galaxy S23,Pre-Owned,3000,223.0,,223.0,2026-08-03,buyItNow,"Samsung Galaxy S23: Unlocked, 256GB Storage, Lavender (Good/Pixel Wear)",https://www.ebay.com/itm/137465590751?nordt=true,https://i.ebayimg.com/images/g/yw0AAeSwTidqQuvg/s-l1600.jpg,8072579415
galaxy-s23,Samsung Galaxy S23,Pre-Owned,3000,200.0,20.69,220.69,2026-08-03,buyItNow,Samsung Galaxy S23 Unlocked Smartphone,https://www.ebay.com/itm/318564943555?nordt=true,https://i.ebayimg.com/images/g/h~8AAeSwRRNqUChR/s-l1600.jpg,7059054954
galaxy-s23,Samsung Galaxy S23,Pre-Owned,3000,189.99,,189.99,2026-08-03,buyItNow,Samsung Galaxy S23 5G 128/256GB  Unlocked -All colors Used Condition,https://www.ebay.com/itm/326052857987?nordt=true,https://i.ebayimg.com/images/g/0tsAAOSwAPhl81iZ/s-l1600.jpg,5065009608
galaxy-s23,Samsung Galaxy S23,Pre-Owned,3000,164.98,11.7,176.68,2026-08-03,buyItNow,Samsung Galaxy S23 SM-S911U 128GB Spectrum - Lavender *No AC/SIM* w/Batt Grade A,https://www.ebay.com/itm/137577796848?nordt=true,https://i.ebayimg.com/images/g/8NMAAeSwBthpuuxn/s-l1600.jpg,13064996744
galaxy-s23,Samsung Galaxy S23,Pre-Owned,3000,196.27,,196.27,2026-08-03,buyItNow,Samsung Galaxy S23 SM-S911U Unlocked 128GB Phantom Black B Light Burn,https://www.ebay.com/itm/196519305626?nordt=true,https://i.ebayimg.com/images/g/zE8AAOSwqUdmoGxA/s-l1600.jpg,5065009608
galaxy-s23,Samsung Galaxy S23,Pre-Owned,3000,225.0,,225.0,2026-08-03,buyItNow,Samsung Galaxy S23 256GB Black - Unlocked AT&T T-Mobile Verizon GSM 7640348,https://www.ebay.com/itm/298549827204?nordt=true,https://i.ebayimg.com/images/g/kZsAAeSw0-xqbZzk/s-l1600.jpg,20072302568
galaxy-s23,Samsung Galaxy S23,Pre-Owned,3000,179.98,,179.98,2026-08-03,buyItNow,Samsung Galaxy S23 5G 128GB (AT&T Locked) - Lavender,https://www.ebay.com/itm/318610721933?nordt=true,https://i.ebayimg.com/images/g/EmgAAeSwl-1qY23-/s-l1600.jpg,7059054980
galaxy-s23,Samsung Galaxy S23,Pre-Owned,3000,184.95,,184.95,2026-08-03,buyItNow,Samsung Galaxy S23 128GB SM-S911U1 Green (Unlocked) - Fair,https://www.ebay.com/itm/147471317007?nordt=true,https://i.ebayimg.com/images/g/UEEAAeSwRT1qavOA/s-l1600.jpg,28059052272
galaxy-s23,Samsung Galaxy S23,Pre-Owned,3000,169.99,,169.99,2026-08-03,buyItNow,Samsung Galaxy S23 SM-S911U - 128GB - Phantom Black (Unlocked) - Fair Condition,https://www.ebay.com/itm/307010320923?nordt=true,https://i.ebayimg.com/images/g/J3cAAeSwSHJqMPD2/s-l1600.jpg,5065009608
galaxy-s23,Samsung Galaxy S23,Pre-Owned,3000,186.92,,186.92,2026-08-03,buyItNow,Samsung Galaxy S23 SM-S911U Unlocked 128GB Cream C,https://www.ebay.com/itm/186587448000?nordt=true,https://i.ebayimg.com/images/g/QhYAAOSwj2VmoHOH/s-l1600.jpg,7059054954
galaxy-s23,Samsung Galaxy S23,Pre-Owned,3000,259.99,,259.99,2026-08-03,buyItNow,Galaxy S23 5G SM S911U 128GB   Phantom Black Verizon Unlocked,https://www.ebay.com/itm/257575874843?nordt=true,https://i.ebayimg.com/images/g/NFwAAeSwEp9qUnuq/s-l1600.jpg,5065009608
galaxy-s23,Samsung Galaxy S23,Pre-Owned,3000,173.64,,173.64,2026-08-03,buyItNow,Samsung Galaxy S23 SM-S911U Cellphone (Black 128GB) Verizon,https://www.ebay.com/itm/168482584205?nordt=true,https://i.ebayimg.com/images/g/j7UAAeSwEM5qazrf/s-l1600.jpg,9064995417
galaxy-s23,Samsung Galaxy S23,Pre-Owned,3000,210.0,6.0,216.0,2026-08-03,buyItNow,Samsung Galaxy S23 256GB [SM-S911U] (Unlocked),https://www.ebay.com/itm/377391391828?nordt=true,https://i.ebayimg.com/images/g/vrEAAeSwMttqcKgd/s-l1600.jpg,11072291990
galaxy-s23,Samsung Galaxy S23,Pre-Owned,3000,179.0,,179.0,2026-08-03,buyItNow,Samsung Galaxy S23 256GB [SM-S911U] Cream (AT&T ONLY) #B518,https://www.ebay.com/itm/117297026949?nordt=true,https://i.ebayimg.com/images/g/IxEAAeSw2IFqR9EE/s-l1600.jpg,3072578850
galaxy-s23,Samsung Galaxy S23,Pre-Owned,3000,200.0,10.43,210.43,2026-08-03,buyItNow,Samsung Galaxy S23 - 256 GB - Phantom Black (Unlocked),https://www.ebay.com/itm/168581178573?nordt=true,https://i.ebayimg.com/images/g/H38AAeSwnN9qbklt/s-l1600.jpg,20072302568
galaxy-s23,Samsung Galaxy S23,Pre-Owned,3000,179.95,,179.95,2026-08-03,buyItNow,Samsung Galaxy S23 128 GB SM-S911U Black Unlocked Verizon AT&T T-Mobile #A38,https://www.ebay.com/itm/236841339111?nordt=true,https://i.ebayimg.com/images/g/8doAAeSwH5FqFztq/s-l1600.jpg,5065009608
galaxy-s23,Samsung Galaxy S23,Pre-Owned,3000,205.0,5.5,210.5,2026-08-03,buyItNow,Samsung Galaxy S23 (5G) SM-S911U - Unlocked 128GB Green - *Used Excellent* Read,https://www.ebay.com/itm/188733606204?nordt=true,https://i.ebayimg.com/images/g/hiEAAeSwvqJqb6yJ/s-l1600.jpg,28059052272
galaxy-s23,Samsung Galaxy S23,Pre-Owned,3000,201.51,12.0,213.51,2026-08-04,auctionWithBIN,Samsung Galaxy S23 - 128 GB - Green (Unlocked) -- excellent condition -- mint !!,https://www.ebay.com/itm/236978108152?nordt=true,https://i.ebayimg.com/images/g/lh0AAeSwEFNqbpvD/s-l1600.jpg,28059052272
galaxy-s23,Samsung Galaxy S23,Pre-Owned,3000,250.0,7.0,257.0,2026-08-04,buyItNow,Samsung Galaxy S23 - 128 GB - Green (Unlocked),https://www.ebay.com/itm/307104492458?nordt=true,https://i.ebayimg.com/images/g/CjEAAeSwdJpqbkW7/s-l1600.jpg,28059052272
galaxy-s23,Samsung Galaxy S23,Pre-Owned,3000,230.0,6.95,236.95,2026-08-04,buyItNow,Samsung Galaxy S23 SM-SN911U 256GB Phantom Black Unlocked  (Excellent),https://www.ebay.com/itm/407119780769?nordt=true,https://i.ebayimg.com/images/g/DXEAAeSwQtRqcgJc/s-l1600.jpg,14072231373
galaxy-s23,Samsung Galaxy S23,Pre-Owned,3000,184.99,8.99,193.98,2026-08-04,buyItNow,Samsung Galaxy S23 - 128 GB - Phantom Black (Unlocked),https://www.ebay.com/itm/318676535853?nordt=true,https://i.ebayimg.com/images/g/AGsAAeSwYrtqcdaL/s-l1600.jpg,5065009608
galaxy-s23,Samsung Galaxy S23,Pre-Owned,3000,184.99,8.99,193.98,2026-08-04,buyItNow,Samsung Galaxy S23 - 128 GB - Phantom Black (Unlocked),https://www.ebay.com/itm/318677709941?nordt=true,https://i.ebayimg.com/images/g/1tkAAeSwUr5qcdd9/s-l1600.jpg,5065009608
galaxy-s23,Samsung Galaxy S23,Pre-Owned,3000,129.99,,129.99,2026-08-04,buyItNow,Poor Condition - Samsung Galaxy S23 128GB Black (Unlocked) - Free Shipping,https://www.ebay.com/itm/800461218356?nordt=true,https://i.ebayimg.com/images/g/8y0AAeSwYG9qciYj/s-l1600.jpg,5065009608
galaxy-s23,Samsung Galaxy S23,Pre-Owned,3000,184.99,8.99,193.98,2026-08-04,buyItNow,Samsung Galaxy S23 - 128 GB - Phantom Black (Unlocked),https://www.ebay.com/itm/800459826518?nordt=true,https://i.ebayimg.com/images/g/1tkAAeSwUr5qcdd9/s-l1600.jpg,5065009608
galaxy-s23,Samsung Galaxy S23,Pre-Owned,3000,200.0,6.25,206.25,2026-08-04,buyItNow,Samsung Galaxy S23 128GB Black Bar Smartphone 50MP Camera - Used,https://www.ebay.com/itm/398233872134?nordt=true,https://i.ebayimg.com/images/g/qwIAAeSwDF1qbE5M/s-l1600.jpg,5065009608
galaxy-s23,Samsung Galaxy S23,Pre-Owned,3000,259.95,,259.95,2026-08-04,buyItNow,Samsung Galaxy S23 128GB SM-S911W (Telus) Phantom Black (E-0312),https://www.ebay.com/itm/158153745625?nordt=true,https://i.ebayimg.com/images/g/ULIAAeSwwvJqceXV/s-l1600.jpg,
galaxy-s23,Samsung Galaxy S23,Pre-Owned,3000,224.95,,224.95,2026-08-04,buyItNow,Samsung Galaxy S23 128GB SM-S911U (T-Mobile-GSM Unlocked) Phantom Black (E-0310),https://www.ebay.com/itm/407119923369?nordt=true,https://i.ebayimg.com/images/g/jr4AAeSwflRqceSR/s-l1600.jpg,5065009608
galaxy-s23,Samsung Galaxy S23,Pre-Owned,3000,189.95,,189.95,2026-08-04,buyItNow,Samsung Galaxy S23 - 128 GB - Green (AT&T/Unlocked) SmartPhone,https://www.ebay.com/itm/307091746110?nordt=true,https://i.ebayimg.com/images/g/dXAAAeSw87xqUSZh/s-l1600.jpg,28059052272
galaxy-s23,Samsung Galaxy S23,Pre-Owned,3000,189.48,,189.48,2026-08-04,buyItNow,Samsung Galaxy S23 256GB - 5G  FACTORY UNLOCKED SM-S911U1 - GOOD,https://www.ebay.com/itm/137275697236?nordt=true,https://i.ebayimg.com/images/g/7LUAAOSwNZRn1dRa/s-l1600.jpg,3059049812
galaxy-s23,Samsung Galaxy S23,Parts Only,7000,159.0,,159.0,2026-07-30,buyItNow,UNLOCKED Samsung Galaxy S23 128GB Lavender -Very good - Parts Only - Clean IMEI,https://www.ebay.com/itm/278230554778?nordt=true,https://i.ebayimg.com/images/g/KbwAAeSwQ7dqaxAB/s-l1600.jpg,
galaxy-s23,Samsung Galaxy S23,Parts Only,7000,99.99,,99.99,2026-08-02,buyItNow,Samsung Galaxy S23 Phantom Black 128GB Verizon - Cracked Screen,https://www.ebay.com/itm/298467441837?nordt=true,https://i.ebayimg.com/images/g/SnoAAeSw0PVqQ~VM/s-l1600.jpg,12059034340
galaxy-s23,Samsung Galaxy S23,Parts Only,7000,149.99,,149.99,2026-08-03,buyItNow,Samsung Galaxy S23 Unlocked White / Cream 128GB (Cracked) #24748,https://www.ebay.com/itm/377334519034?nordt=true,https://i.ebayimg.com/images/g/ikcAAeSwRkZqLO~F/s-l1600.jpg,7059054954
galaxy-s23,Samsung Galaxy S23,Parts Only,7000,95.0,,95.0,2026-08-03,buyItNow,Samsung Galaxy S23 Smartphone 128GB Black Cracked UNTESTED PARTS ONLY,https://www.ebay.com/itm/278244401114?nordt=true,https://i.ebayimg.com/images/g/olsAAeSw46tqcRF7/s-l1600.jpg,12059034340
galaxy-s23,Samsung Galaxy S23,Brand New,1000,309.55,,309.55,2026-05-09,buyItNow,New Samsung Galaxy S23 5G SM-S911U 256GB/128GB Unlocked GSM+CDMA Smartphone US,https://www.ebay.com/itm/336541538251?nordt=true,https://i.ebayimg.com/images/g/Os8AAeSwZK1p4leP/s-l1600.jpg,11072291990
galaxy-s23,Samsung Galaxy S23,Good - Refurbished,2030,209.95,,209.95,2026-05-13,buyItNow,Samsung Galaxy S23 5G 128GB (Unlocked) - Green,https://www.ebay.com/itm/365947803346?nordt=true,https://i.ebayimg.com/images/g/xpoAAeSwZK1qAkE5/s-l1600.jpg,28059052272
galaxy-s23,Samsung Galaxy S23,Very Good - Refurbished,2020,229.95,,229.95,2026-05-13,buyItNow,Samsung Galaxy S23 5G 128GB (Unlocked) - Lavender,https://www.ebay.com/itm/147288792713?nordt=true,https://i.ebayimg.com/images/g/t9YAAeSw8oNp~L4b/s-l1600.jpg,2330090727
galaxy-s23,Samsung Galaxy S23,Very Good - Refurbished,2020,234.98,,234.98,2026-05-26,buyItNow,Samsung Galaxy S23 5G 128GB (Unlocked) - Cream,https://www.ebay.com/itm/366110709418?nordt=true,https://i.ebayimg.com/images/g/rQIAAeSwto1qFeGz/s-l1600.jpg,7059054954
galaxy-s23,Samsung Galaxy S23,Very Good - Refurbished,2020,309.95,,309.95,2026-06-03,buyItNow,Samsung Galaxy S23 5G 256GB (XFINITY) - Phantom Black,https://www.ebay.com/itm/147037638923?nordt=true,https://i.ebayimg.com/images/g/eGIAAeSwo41p-REX/s-l1600.jpg,10072252625
galaxy-s23,Samsung Galaxy S23,Good - Refurbished,2030,249.95,,249.95,2026-06-16,buyItNow,Samsung Galaxy S23 5G 256GB (Unlocked) - Green,https://www.ebay.com/itm/147282554209?nordt=true,https://i.ebayimg.com/images/g/u1cAAeSw8hBqMWHl/s-l1600.jpg,19058731150
galaxy-s23,Samsung Galaxy S23,Good - Refurbished,2030,199.95,,199.95,2026-07-02,buyItNow,Samsung Galaxy S23 5G 128GB (Spectrum) - Cream,https://www.ebay.com/itm/147280759162?nordt=true,https://i.ebayimg.com/images/g/fOQAAeSw3fxqRuYt/s-l1600.jpg,7072590498
galaxy-s23,Samsung Galaxy S23,Brand New,1000,361.99,,361.99,2026-08-02,buyItNow,NEW Samsung Galaxy S23 8+256GB SM-S911U Verizon+GSM LTE Unlocked 5G Phone,https://www.ebay.com/itm/800125496505?nordt=true,https://i.ebayimg.com/images/g/vSAAAeSwFSNqImJc/s-l1600.jpg,20072302568
galaxy-s23,Samsung Galaxy S23,Good - Refurbished,2030,219.0,,219.0,2026-08-02,buyItNow,Samsung Galaxy S23 256GB SM-S911U1 Black Unlocked #B577,https://www.ebay.com/itm/117296977899?nordt=true,https://i.ebayimg.com/images/g/UjgAAeSwrLtqTUcQ/s-l1600.jpg,20072302568
galaxy-s23,Samsung Galaxy S23,Brand New,1000,359.98,,359.98,2026-08-02,buyItNow,NEW Samsung Galaxy S23 8+256GB SM-S911U 5G Verizon+GSM LTE Unlocked Smartphone,https://www.ebay.com/itm/147352641303?nordt=true,https://i.ebayimg.com/images/g/DAsAAeSwziRqImTL/s-l1600.jpg,3059049812
galaxy-s23,Samsung Galaxy S23,Brand New,1000,307.99,,307.99,2026-08-02,buyItNow,NEW Samsung Galaxy S23 128GB Verizon T-Mobile AT&T Factory Unlocked Smartphone,https://www.ebay.com/itm/318653109025?nordt=true,https://i.ebayimg.com/images/g/df8AAeSwuzZqaphQ/s-l1600.jpg,5065009608
galaxy-s23,Samsung Galaxy S23,Open Box,1500,199.99,,199.99,2026-08-02,buyItNow,Samsung Galaxy S23 5G S911U Unlocked T-Mobile AT&T Mint Boost Spectrum Cricket,https://www.ebay.com/itm/236960624092?nordt=true,https://i.ebayimg.com/images/g/3MMAAeSw2~5qY6aY/s-l1600.jpg,4065000706
galaxy-s23,Samsung Galaxy S23,New (Other),1500,213.58,18.6,232.18,2026-08-02,buyItNow,Samsung Galaxy S23 (SM-S911W) - 128GB Phantom Black Unlocked | New Open Box,https://www.ebay.com/itm/307102501359?nordt=true,https://i.ebayimg.com/images/g/~YgAAeSwOk1qb41e/s-l1600.jpg,
galaxy-s23,Samsung Galaxy S23,Brand New,1000,308.88,,308.88,2026-08-02,buyItNow,New Samsung Galaxy S23 5G SM-S911U 128GB/256GB Unlocked Smartphone GSM+CDMA,https://www.ebay.com/itm/398182901440?nordt=true,https://i.ebayimg.com/images/g/Vz0AAeSw~DNpYknh/s-l1600.jpg,5065009608
galaxy-s23,Samsung Galaxy S23,Open Box,1500,199.99,,199.99,2026-08-02,buyItNow,Samsung Galaxy S23 5G S911U Verizon Straight Talk Unlocked T-Mobile AT&T Mint,https://www.ebay.com/itm/326655432676?nordt=true,https://i.ebayimg.com/images/g/wjgAAeSwH5FqEJoM/s-l1600.jpg,5065009608
galaxy-s23,Samsung Galaxy S23,Good - Refurbished,2030,257.36,,257.36,2026-08-02,buyItNow,Samsung Galaxy S23 SM-S911U1 Unlocked 256GB Green Good,https://www.ebay.com/itm/196520660821?nordt=true,https://i.ebayimg.com/images/g/k2AAAOSwxcxmoT~8/s-l1600.jpg,19058731150
galaxy-s23,Samsung Galaxy S23,Excellent - Refurbished,2010,299.48,,299.48,2026-08-03,buyItNow,Samsung Galaxy S23 256GB SM-S911U1 - 5G - FACTORY UNLOCKED  - EXCELLENT,https://www.ebay.com/itm/136325419316?nordt=true,https://i.ebayimg.com/images/g/7LUAAOSwNZRn1dRa/s-l1600.jpg,3059049812
galaxy-s23,Samsung Galaxy S23,Good - Refurbished,2030,199.86,,199.86,2026-08-03,buyItNow,Samsung Galaxy S23 SM-S911U 128GB Cream Unlocked Good,https://www.ebay.com/itm/127925831925?nordt=true,https://i.ebayimg.com/images/g/fL8AAeSwlU9qMZaN/s-l1600.jpg,7059054954
galaxy-s23,Samsung Galaxy S23,Brand New,1000,314.88,,314.88,2026-08-03,buyItNow,NEW UNLOCKED SAMSUNG GALAXY S23 5G SM-S911U ALL COLORS AND MEMORY GSM+CDMA,https://www.ebay.com/itm/196460739863?nordt=true,https://i.ebayimg.com/images/g/nCEAAOSwXJlmd7is/s-l1600.jpg,5065009608
galaxy-s23,Samsung Galaxy S23,Very Good - Refurbished,2020,237.99,,237.99,2026-08-03,buyItNow,Samsung Galaxy S23 128GB S911U Unlocked - Very Good,https://www.ebay.com/itm/256372450471?nordt=true,https://i.ebayimg.com/images/g/7eYAAeSwaNZoMI-3/s-l1600.jpg,28059052272
galaxy-s23,Samsung Galaxy S23,Brand New,1000,308.25,,308.25,2026-08-03,buyItNow,New Sealed Samsung Galaxy S23 SM-S911U 128GB Factory Unlocked Smartphone,https://www.ebay.com/itm/800159147472?nordt=true,https://i.ebayimg.com/images/g/p~IAAOSwWMFmFQF0/s-l1600.jpg,7059054954
galaxy-s23,Samsung Galaxy S23,Very Good - Refurbished,2020,247.95,,247.95,2026-08-03,buyItNow,Samsung Galaxy S23 S911 128GB Unlocked - Very Good,https://www.ebay.com/itm/405911450654?nordt=true,https://i.ebayimg.com/images/g/Z5gAAOSwQ99mlsDq/s-l1600.jpg,5065009608
galaxy-s23,Samsung Galaxy S23,Excellent - Refurbished,2010,224.48,,224.48,2026-08-03,buyItNow,Samsung Galaxy S23 128GB - 5G SM-S911U1 - FACTORY UNLOCKED - EXCELLENT,https://www.ebay.com/itm/126995399789?nordt=true,https://i.ebayimg.com/images/g/7LUAAOSwNZRn1dRa/s-l1600.jpg,5065009608
galaxy-s23,Samsung Galaxy S23,Open Box,1500,258.55,,258.55,2026-08-03,buyItNow,Samsung Galaxy S23 5G 128GB Black(Verizon GSM Unlocked)T-Mobile NEW OTHER SEALED,https://www.ebay.com/itm/177551126728?nordt=true,https://i.ebayimg.com/images/g/EaEAAeSwBY9pC9Ly/s-l1600.jpg,8059050141
galaxy-s23,Samsung Galaxy S23,Very Good - Refurbished,2020,215.0,,215.0,2026-08-03,buyItNow,Samsung Galaxy S23 128GB S911U Verizon Phantom Black - Very Good,https://www.ebay.com/itm/127682894409?nordt=true,https://i.ebayimg.com/images/g/T-cAAeSwayVpj20g/s-l1600.jpg,
galaxy-s23,Samsung Galaxy S23,Very Good - Refurbished,2020,213.99,,213.99,2026-08-03,buyItNow,"Samsung Galaxy S23 S911U1 128GB, 256GB Unlocked Very Good",https://www.ebay.com/itm/186419721963?nordt=true,https://i.ebayimg.com/images/g/d7sAAOSwgbJl-K0v/s-l1600.jpg,
galaxy-s23,Samsung Galaxy S23,Very Good - Refurbished,2020,254.99,,254.99,2026-08-03,buyItNow,Samsung Galaxy S23 128GB Unlocked - Excellent,https://www.ebay.com/itm/178348729298?nordt=true,https://i.ebayimg.com/images/g/CE8AAeSwo9lqZ4xE/s-l1600.jpg,28059052272
galaxy-s23,Samsung Galaxy S23,Good - Refurbished,2030,210.28,,210.28,2026-08-03,buyItNow,Samsung Galaxy S23 SM-S911U Unlocked 128GB Lavender Good,https://www.ebay.com/itm/196518655913?nordt=true,https://i.ebayimg.com/images/g/CLcAAOSwQXNmn-1X/s-l1600.jpg,2330090727
galaxy-s23,Samsung Galaxy S23,Brand New,1000,312.99,,312.99,2026-08-03,buyItNow,New Samsung Galaxy S23 5G SM-S911U1 128GB/256GB Factory Unlocked Smartphone,https://www.ebay.com/itm/157805990239?nordt=true,https://i.ebayimg.com/images/g/MV8AAeSwPO5pz4f0/s-l1600.jpg,5065009608
galaxy-s23,Samsung Galaxy S23,Excellent - Refurbished,2010,199.99,,199.99,2026-08-03,buyItNow,Samsung Galaxy S23 5G S911U Verizon Straight Talk Unlocked T-Mobile AT&T Mint,https://www.ebay.com/itm/236953739196?nordt=true,https://i.ebayimg.com/images/g/wjgAAeSwH5FqEJoM/s-l1600.jpg,7059054954
galaxy-s23,Samsung Galaxy S23,Excellent - Refurbished,2010,255.99,,255.99,2026-08-03,buyItNow,Samsung Galaxy S23 128GB S911U Unlocked - Excellent,https://www.ebay.com/itm/256372271129?nordt=true,https://i.ebayimg.com/images/g/AXAAAeSwl3loL2cC/s-l1600.jpg,7059054954
galaxy-s23,Samsung Galaxy S23,Open Box,1500,287.99,,287.99,2026-08-03,buyItNow,Samsung Galaxy S23 5G 128GB - Factory Unlocked - Open Box,https://www.ebay.com/itm/176981680871?nordt=true,https://i.ebayimg.com/images/g/FUwAAeSwJeFo3CdL/s-l1600.jpg,5065009608
galaxy-s23,Samsung Galaxy S23,Excellent - Refurbished,2010,312.99,,312.99,2026-08-03,buyItNow,Samsung Galaxy S23 256GB S911U Unlocked - Excellent,https://www.ebay.com/itm/256434695321?nordt=true,https://i.ebayimg.com/images/g/DtcAAeSw4UFoL1sD/s-l1600.jpg,11072291990
galaxy-s23,Samsung Galaxy S23,Excellent - Refurbished,2010,314.44,,314.44,2026-08-03,buyItNow,Samsung Galaxy S23 256GB Unlocked AT&T T-Mobile Verizon Excellent Condition,https://www.ebay.com/itm/297159038004?nordt=true,https://i.ebayimg.com/images/g/f5gAAeSwh8lqKswf/s-l1600.jpg,19058731150
galaxy-s23,Samsung Galaxy S23,Brand New,1000,316.89,,316.89,2026-08-03,buyItNow,NEW Sealed Samsung Galaxy S23 5G 128GB 8GB RAM SM-S911U Unlocked Smartphone,https://www.ebay.com/itm/397372396525?nordt=true,https://i.ebayimg.com/images/g/qmwAAeSwvw1pLMcx/s-l1600.jpg,7059054954
galaxy-s23,Samsung Galaxy S23,Good - Refurbished,2030,210.28,,210.28,2026-08-03,buyItNow,Samsung Galaxy S23 SM-S911U Unlocked 128GB Cream Good,https://www.ebay.com/itm/176488000193?nordt=true,https://i.ebayimg.com/images/g/cRUAAOSwbyxmoTja/s-l1600.jpg,7059054954
galaxy-s23,Samsung Galaxy S23,Good - Refurbished,2030,218.45,,218.45,2026-08-03,buyItNow,Samsung Galaxy S23 Lavender 128 Good - Refurbished  - Unlocked,https://www.ebay.com/itm/127517805514?nordt=true,https://i.ebayimg.com/images/g/7J4AAeSw4OBpXjSl/s-l1600.jpg,2330090727
galaxy-s23,Samsung Galaxy S23,Very Good - Refurbished,2020,189.99,,189.99,2026-08-04,buyItNow,Samsung Galaxy S23 128GB 256GB S911U T-Mobile Only Smartphone - Very Good,https://www.ebay.com/itm/158085992288?nordt=true,https://i.ebayimg.com/images/g/4S8AAeSwzkRokk3u/s-l1600.jpg,25064992533
galaxy-s23,Samsung Galaxy S23,Good - Refurbished,2030,209.99,,209.99,2026-08-04,buyItNow,Samsung Galaxy S23 128GB S911U Unlocked - Good,https://www.ebay.com/itm/256372465052?nordt=true,https://i.ebayimg.com/images/g/kvwAAeSwDeVoL2FO/s-l1600.jpg,28059052272
galaxy-s23,Samsung Galaxy S23,Brand New,1000,319.99,,319.99,2026-08-04,buyItNow,New Samsung Galaxy S23 5G SM-S911U1 128GB/256GB Unlocked Smartphone Cell Phone,https://www.ebay.com/itm/406007429313?nordt=true,https://i.ebayimg.com/images/g/H-YAAeSwgVNoYVoR/s-l1600.jpg,5065009608
galaxy-s23,Samsung Galaxy S23,New (Other),1500,319.69,24.14,343.83,2026-08-04,buyItNow,Samsung Galaxy S23 128GB 8GB RAM Black | Open Box | Pristine Condition| Unlocked,https://www.ebay.com/itm/178364347607?nordt=true,https://i.ebayimg.com/images/g/RyYAAeSwKs5qbl1h/s-l1600.jpg,
galaxy-s23,Samsung Galaxy S23,Brand New,1000,307.95,,307.95,2026-08-04,buyItNow,"NEW Samsung Galaxy S23 8+128GB Factory Unlocked 5G Smartphone S911U,US STOCK",https://www.ebay.com/itm/236982582309?nordt=true,https://i.ebayimg.com/images/g/7~YAAeSwvLpqPPPR/s-l1600.jpg,28059052272
galaxy-s23,Samsung Galaxy S23,Good - Refurbished,2030,193.49,,193.49,2026-08-04,buyItNow,Samsung Galaxy S23 SM-S911U Spectrum Only 128GB Phantom Black Good,https://www.ebay.com/itm/196574347264?nordt=true,https://i.ebayimg.com/images/g/oSMAAOSwwdtmxllx/s-l1600.jpg,3065008462
galaxy-s23,Samsung Galaxy S23,Brand New,1000,299.99,,299.99,2026-08-04,buyItNow,Samsung Galaxy S23 5G 128GB - Factory Unlocked - GREEN - New in Box,https://www.ebay.com/itm/366544527126?nordt=true,https://i.ebayimg.com/images/g/VOcAAeSwMm1qV7~q/s-l1600.jpg,28059052272
galaxy-s23,Samsung Galaxy S23,Open Box,1500,259.55,,259.55,2026-08-04,buyItNow,Samsung Galaxy S23 5G 128GB Black(Unlocked) NEW OTHER SEALED,https://www.ebay.com/itm/158147534022?nordt=true,https://i.ebayimg.com/images/g/Ni8AAeSwRbRpuc7B/s-l1600.jpg,5065009608
galaxy-s22,Samsung Galaxy S22,Pre-Owned,3000,122.83,,122.83,2026-08-02,buyItNow,Samsung Galaxy S22 SM-S901U Unlocked 128GB Phantom Black B Extreme Burn,https://www.ebay.com/itm/196519211975?nordt=true,https://i.ebayimg.com/images/g/m1YAAOSwbT1moGDO/s-l1600.jpg,3072579174
galaxy-s22,Samsung Galaxy S22,Pre-Owned,3000,129.97,,129.97,2026-08-03,buyItNow,Samsung Galaxy S22 S901U 128GB Good Condition | Black | AT&T ONLY,https://www.ebay.com/itm/336688279865?nordt=true,https://i.ebayimg.com/images/g/dTUAAeSwENVqVmNq/s-l1600.jpg,9072660254
galaxy-s22,Samsung Galaxy S22,Pre-Owned,3000,100.0,6.58,106.58,2026-08-03,auctionWithBIN,Samsung Galaxy S22 128GB Unlocked Black Android 6.1in 5G Triple Camera,https://www.ebay.com/itm/117339108757?nordt=true,https://i.ebayimg.com/images/g/xUgAAeSwLQFqcRyn/s-l1600.jpg,3072579174
galaxy-s22,Samsung Galaxy S22,Pre-Owned,3000,139.95,6.0,145.95,2026-08-03,buyItNow,Samsung Galaxy S22 - 128 GB - Green (Unlocked),https://www.ebay.com/itm/298547748064?nordt=true,https://i.ebayimg.com/images/g/GN0AAeSw9HxqbKJO/s-l1600.jpg,9072235777
galaxy-s22,Samsung Galaxy S22,Pre-Owned,3000,159.95,,159.95,2026-08-03,buyItNow,Samsung Galaxy S22  5G - SM-S901U - 128GB - Black (Unlocked) Good Cond - 96% Bat,https://www.ebay.com/itm/188737763549?nordt=true,https://i.ebayimg.com/images/g/D1UAAeSwknFqcM0D/s-l1600.jpg,3072579174
galaxy-s22,Samsung Galaxy S22,Pre-Owned,3000,143.99,,143.99,2026-08-03,buyItNow,Samsung Galaxy S22 5G S901U 128GB/256GB Unlocked (Any Carrier) SmartPhone,https://www.ebay.com/itm/235668189029?nordt=true,https://i.ebayimg.com/images/g/Xp4AAOSwJ4ZjBY2-/s-l1600.jpg,15072581440
galaxy-s22,Samsung Galaxy S22,Pre-Owned,3000,140.0,6.0,146.0,2026-08-03,buyItNow,Samsung Galaxy S22 - 128gb - Blue - Unlocked,https://www.ebay.com/itm/377391396875?nordt=true,https://i.ebayimg.com/images/g/YGgAAeSwlcJqcKj~/s-l1600.jpg,9075030951
galaxy-s22,Samsung Galaxy S22,Pre-Owned,3000,179.95,,179.95,2026-08-03,buyItNow,UNLOCKED - Samsung Galaxy S22 5G SM-S901U Phantom Black 128GB - Moderate In-Box,https://www.ebay.com/itm/256882383170?nordt=true,https://i.ebayimg.com/images/g/pGQAAOSwfEJmTO9d/s-l1600.jpg,
galaxy-s22,Samsung Galaxy S22,Pre-Owned,3000,149.0,,149.0,2026-08-03,buyItNow,Samsung Galaxy S22 128 GB Phantom Black Unlocked Battery Health 98%: Acceptable,https://www.ebay.com/itm/267734634006?nordt=true,https://i.ebayimg.com/images/g/B8oAAeSwfZRqX8Cy/s-l1600.jpg,3072579174
galaxy-s22,Samsung Galaxy S22,Pre-Owned,3000,131.96,,131.96,2026-08-03,buyItNow,Samsung Galaxy S22 5G 128GB SM-S901U (AT&T) Phantom Black (E-0161),https://www.ebay.com/itm/158116534385?nordt=true,https://i.ebayimg.com/images/g/23EAAeSwjF1qY5QN/s-l1600.jpg,9072660254
galaxy-s22,Samsung Galaxy S22,Pre-Owned,3000,150.0,6.17,156.17,2026-08-04,buyItNow,Samsung Galaxy S22 5G SM-S901U1 128GB Good Used,https://www.ebay.com/itm/168586107091?nordt=true,https://i.ebayimg.com/images/g/vxsAAeSwTy5qcNgy/s-l1600.jpg,22075037403
galaxy-s22,Samsung Galaxy S22,Pre-Owned,3000,130.0,9.35,139.35,2026-08-04,buyItNow,Samsung Galaxy S22 128GB S901U Factory Reset Verizon - Very Good,https://www.ebay.com/itm/168589042423?nordt=true,https://i.ebayimg.com/images/g/XWEAAeSw6FJqclRE/s-l1600.jpg,25072294038
galaxy-s22,Samsung Galaxy S22,Pre-Owned,3000,80.0,8.05,88.05,2026-08-04,buyItNow,Samsung Galaxy S22 SM-S901U 128GB Phantom White,https://www.ebay.com/itm/377394867896?nordt=true,https://i.ebayimg.com/images/g/rHkAAeSwVktqclDV/s-l1600.jpg,22075037403
galaxy-s22,Samsung Galaxy S22,Pre-Owned,3000,115.0,8.05,123.05,2026-08-04,buyItNow,Samsung Galaxy S22 SM-S901U 128GB Phantom White,https://www.ebay.com/itm/377394908805?nordt=true,https://i.ebayimg.com/images/g/v44AAeSw8EFqclfG/s-l1600.jpg,22075037403
galaxy-s22,Samsung Galaxy S22,Pre-Owned,3000,115.0,8.05,123.05,2026-08-04,buyItNow,Samsung Galaxy S22 SM-S901U 128GB Phantom White,https://www.ebay.com/itm/377394894109?nordt=true,https://i.ebayimg.com/images/g/gDEAAeSwt4FqclUS/s-l1600.jpg,22075037403
galaxy-s22,Samsung Galaxy S22,Pre-Owned,3000,140.0,6.17,146.17,2026-08-04,buyItNow,Samsung Galaxy S22 5G SM-S901U1 128GB Good Used,https://www.ebay.com/itm/168586046210?nordt=true,https://i.ebayimg.com/images/g/pukAAeSwpx9qcM~l/s-l1600.jpg,22075037403
galaxy-s22,Samsung Galaxy S22,Pre-Owned,3000,90.0,8.05,98.05,2026-08-04,buyItNow,Samsung Galaxy S22 SM-S901U 128GB Black,https://www.ebay.com/itm/377394680531?nordt=true,https://i.ebayimg.com/images/g/skQAAeSwPFVqcjbM/s-l1600.jpg,3072579174
galaxy-s22,Samsung Galaxy S22,Pre-Owned,3000,150.0,6.37,156.37,2026-08-04,buyItNow,Samsung S22 128GB ATT Carrier,https://www.ebay.com/itm/168588175249?nordt=true,https://i.ebayimg.com/images/g/V9sAAeSwww5qcesJ/s-l1600.jpg,9072660254
galaxy-s22,Samsung Galaxy S22,Pre-Owned,3000,140.0,,140.0,2026-08-04,buyItNow,Samsung Galaxy S22 5G 128GB Black - Unlocked AT&T T-Mobile Verizon 7641664,https://www.ebay.com/itm/377391650408?nordt=true,https://i.ebayimg.com/images/g/vWAAAeSw17BqcMbc/s-l1600.jpg,
galaxy-s22,Samsung Galaxy S22,Pre-Owned,3000,158.0,,158.0,2026-08-04,buyItNow,Samsung Galaxy S22 - 128 GB - Green,https://www.ebay.com/itm/198540352176?nordt=true,https://i.ebayimg.com/images/g/JoMAAeSwVDJqbkon/s-l1600.jpg,
galaxy-s22,Samsung Galaxy S22,Pre-Owned,3000,150.0,6.37,156.37,2026-08-04,buyItNow,Samsung S22 128GB ATT Carrier,https://www.ebay.com/itm/168588136856?nordt=true,https://i.ebayimg.com/images/g/NiAAAeSwIoZqced6/s-l1600.jpg,9072660254
galaxy-s22,Samsung Galaxy S22,Pre-Owned,3000,100.0,6.37,106.37,2026-08-04,buyItNow,Samsung Galaxy S22 128GB AT&T,https://www.ebay.com/itm/168588049319?nordt=true,https://i.ebayimg.com/images/g/Y6EAAeSw8vVqcd1f/s-l1600.jpg,9072660254
galaxy-s22,Samsung Galaxy S22,Parts Only,7000,49.95,,49.95,2026-08-03,buyItNow,Parts and Repair Samsung Galaxy S22 5G S901U 128GB | T-MOBILE ONLY (SEE DESC),https://www.ebay.com/itm/227460677861?nordt=true,https://i.ebayimg.com/images/g/QeUAAeSwD-BqZ4cw/s-l1600.jpg,25072233560
galaxy-s22,Samsung Galaxy S22,Parts Only,7000,65.0,,65.0,2026-08-03,auction,Samsung Galaxy S22 5G 128GB Unlocked For Parts or Repair - Please Read - AS-IS,https://www.ebay.com/itm/358852376608?nordt=true,https://i.ebayimg.com/images/g/Y6MAAeSwfZRqaBuN/s-l1600.jpg,3072579174
galaxy-s22,Samsung Galaxy S22,Parts Only,7000,99.99,,99.99,2026-08-03,buyItNow,Samsung Galaxy S22 5G 128GB Black - UNLOCKED,https://www.ebay.com/itm/236888193282?nordt=true,https://i.ebayimg.com/images/g/D~gAAeSw-jZp13SC/s-l1600.jpg,3072579174
galaxy-s22,Samsung Galaxy S22,Parts Only,7000,44.0,,44.0,2026-08-03,auction,Samsung Galaxy S22 128GB Phantom Black (For Unknown Carrier),https://www.ebay.com/itm/307094182333?nordt=true,https://i.ebayimg.com/images/g/7mEAAeSwrFJqakD1/s-l1600.jpg,
galaxy-s22,Samsung Galaxy S22,Parts Only,7000,77.95,,77.95,2026-08-03,buyItNow,Samsung Galaxy S22 5G 128GB SM-S901U (Verizon) Phantom Black CrkGls (E-0137),https://www.ebay.com/itm/407117227040?nordt=true,https://i.ebayimg.com/images/g/1noAAeSw3QFqcKq9/s-l1600.jpg,25072294038
galaxy-s22,Samsung Galaxy S22,Parts Only,7000,75.0,,75.0,2026-08-03,buyItNow,Samsung Galaxy S22 - 128gb - Black - Unlocked  - Cracked LCD & Back,https://www.ebay.com/itm/188726935653?nordt=true,https://i.ebayimg.com/images/g/nFoAAeSwQw5qbeuJ/s-l1600.jpg,
galaxy-s22,Samsung Galaxy S22,Good - Refurbished,2030,159.95,,159.95,2026-05-13,buyItNow,Samsung Galaxy S22 128GB (Unlocked) - Green,https://www.ebay.com/itm/147150331831?nordt=true,https://i.ebayimg.com/images/g/bxYAAeSwANdqFkO5/s-l1600.jpg,9072235777
galaxy-s22,Samsung Galaxy S22,Very Good - Refurbished,2020,169.95,,169.95,2026-05-19,buyItNow,Samsung Galaxy S22 128GB (Unlocked) - Phantom White,https://www.ebay.com/itm/366362711504?nordt=true,https://i.ebayimg.com/images/g/y-kAAeSw1-hqOv2S/s-l1600.jpg,22075037403
galaxy-s22,Samsung Galaxy S22,Good - Refurbished,2030,139.95,,139.95,2026-05-24,buyItNow,Samsung Galaxy S22 128GB (AT&T Locked) - Green,https://www.ebay.com/itm/147272397187?nordt=true,https://i.ebayimg.com/images/g/FK8AAeSwCVRqE32e/s-l1600.jpg,6072255650
galaxy-s22,Samsung Galaxy S22,Very Good - Refurbished,2020,179.95,,179.95,2026-05-31,buyItNow,Samsung Galaxy S22 5G 128GB (XFINITY) - Bora Purple,https://www.ebay.com/itm/147079544648?nordt=true,https://i.ebayimg.com/images/g/X0IAAeSw~9Bp-RGn/s-l1600.jpg,16064993310
galaxy-s22,Samsung Galaxy S22,Very Good - Refurbished,2020,152.99,,152.99,2026-08-02,buyItNow,"Samsung Galaxy S22 128GB 6.1"" 5G Fully Unlocked & Tested - Very Good",https://www.ebay.com/itm/406902224548?nordt=true,https://i.ebayimg.com/images/g/6AkAAeSwhINqZiIf/s-l1600.jpg,8072727495
galaxy-s22,Samsung Galaxy S22,Good - Refurbished,2030,138.86,,138.86,2026-08-03,buyItNow,Samsung Galaxy S22 Purple 128GB Good - Refurbished  - Unlocked,https://www.ebay.com/itm/127239280933?nordt=true,https://i.ebayimg.com/images/g/f2cAAeSwwvJqXnL1/s-l1600.jpg,24058039563
galaxy-s22,Samsung Galaxy S22,Excellent - Refurbished,2010,189.99,,189.99,2026-08-03,buyItNow,Samsung Galaxy S22 128GB S901U Unlocked - Excellent,https://www.ebay.com/itm/255750739980?nordt=true,https://i.ebayimg.com/images/g/eHQAAeSwa6VojEf9/s-l1600.jpg,22075037403
galaxy-s22,Samsung Galaxy S22,Open Box,1500,209.48,,209.48,2026-08-03,buyItNow,Samsung Galaxy S22 128GB SM-S901U1 FACTORY UNLOCKED CDMA + GSM - OPEN BOX,https://www.ebay.com/itm/135654004402?nordt=true,https://i.ebayimg.com/images/g/xr0AAOSwFZVlvsfM/s-l1600.jpg,3072579174
galaxy-s22,Samsung Galaxy S22,Very Good - Refurbished,2020,156.77,,156.77,2026-08-03,buyItNow,Samsung Galaxy S22 128GB Phantom Black Unlocked Very Good,https://www.ebay.com/itm/127913124849?nordt=true,https://i.ebayimg.com/images/g/Rc0AAeSwvMlqKJV-/s-l1600.jpg,3072579174
galaxy-s22,Samsung Galaxy S22,Brand New,1000,249.99,,249.99,2026-08-03,buyItNow,NEW Samsung Galaxy S22 5G SM-S901U 128/256GB Unlocked GSM+CDMA Smartphone Cell,https://www.ebay.com/itm/157852663087?nordt=true,https://i.ebayimg.com/images/g/7sIAAeSwDeVp6NM-/s-l1600.jpg,3072579174
galaxy-s22,Samsung Galaxy S22,Very Good - Refurbished,2020,180.99,,180.99,2026-08-03,buyItNow,Samsung Galaxy S22 128GB S901U Unlocked - Very Good,https://www.ebay.com/itm/255750740005?nordt=true,https://i.ebayimg.com/images/g/f2MAAeSwWopojEhl/s-l1600.jpg,22075037403
galaxy-s22,Samsung Galaxy S22,Very Good - Refurbished,2020,161.6,,161.6,2026-08-03,buyItNow,Samsung Galaxy S22 Purple 128GB Very Good - Refurbished  - Unlocked,https://www.ebay.com/itm/127257209493?nordt=true,https://i.ebayimg.com/images/g/8bAAAeSw1KlqXnL6/s-l1600.jpg,24058039563
galaxy-s22,Samsung Galaxy S22,New (Other),1500,234.94,10.67,245.61,2026-08-03,buyItNow,Samsung Galaxy S22 5G (SM-S901W) - 128GB Factory Unlocked Black - Open Box 10/10,https://www.ebay.com/itm/389986051886?nordt=true,https://i.ebayimg.com/images/g/GB4AAeSw-WJqHMVk/s-l1600.jpg,
galaxy-s22,Samsung Galaxy S22,Excellent - Refurbished,2010,173.18,,173.18,2026-08-03,buyItNow,Samsung Galaxy S22 SM-S901U 128GB Unlocked Excellent Condition All Colors,https://www.ebay.com/itm/127912648499?nordt=true,https://i.ebayimg.com/images/g/UisAAeSwKs5qXqgD/s-l1600.jpg,22075037403
galaxy-s22,Samsung Galaxy S22,Good - Refurbished,2030,130.8,,130.8,2026-08-03,buyItNow,Samsung Galaxy S22 SM-S901U Unlocked 128GB Phantom Black Good,https://www.ebay.com/itm/196518586989?nordt=true,https://i.ebayimg.com/images/g/urQAAOSw2QFmn95~/s-l1600.jpg,3072579174
galaxy-s22,Samsung Galaxy S22,Open Box,1500,151.8,,151.8,2026-08-03,buyItNow,Samsung Galaxy S22 5G S901U Verizon Straight Talk Unlocked T-Mobile Boost  Mint,https://www.ebay.com/itm/287315722645?nordt=true,https://i.ebayimg.com/images/g/Xv4AAeSw66ZqJc5p/s-l1600.jpg,8072727495
galaxy-s22,Samsung Galaxy S22,Good - Refurbished,2030,147.99,,147.99,2026-08-03,buyItNow,Samsung Galaxy S22 5G SM-S901U1 128GB 256GB Unlocked Good,https://www.ebay.com/itm/186378192943?nordt=true,https://i.ebayimg.com/images/g/mCkAAOSwV3lnOXZg/s-l1600.jpg,
galaxy-s22,Samsung Galaxy S22,Good - Refurbished,2030,152.51,,152.51,2026-08-03,buyItNow,Samsung Galaxy S22 White 128GB Good - Refurbished  - Unlocked,https://www.ebay.com/itm/127199726859?nordt=true,https://i.ebayimg.com/images/g/vDsAAeSwstBqXnLw/s-l1600.jpg,22075037403
galaxy-s22,Samsung Galaxy S22,Very Good - Refurbished,2020,166.99,,166.99,2026-08-03,buyItNow,Samsung Galaxy S22 5G SM-S901U1 128GB 256GB Unlocked Very Good,https://www.ebay.com/itm/186372216016?nordt=true,https://i.ebayimg.com/images/g/9eoAAOSwBFJjPcD9/s-l1600.jpg,
galaxy-s22,Samsung Galaxy S22,Brand New,1000,259.88,,259.88,2026-08-03,buyItNow,NEW Samsung Galaxy S22 5G S901U1 128/256GB Factory Unlocked GSM+CDMA All Carrier,https://www.ebay.com/itm/204953300354?nordt=true,https://i.ebayimg.com/images/g/ygsAAOSw6sZmwipQ/s-l1600.jpg,3072579174
galaxy-s22,Samsung Galaxy S22,Brand New,1000,252.99,,252.99,2026-08-03,buyItNow,NEW Samsung Galaxy S22 5G SM-S901U 128GB Factory Unlocked GSM+CDMA Smartphone,https://www.ebay.com/itm/256804668192?nordt=true,https://i.ebayimg.com/images/g/Lb0AAeSwXCBqECS8/s-l1600.jpg,3072579174
galaxy-s22,Samsung Galaxy S22,Excellent - Refurbished,2010,153.42,,153.42,2026-08-03,buyItNow,Samsung Galaxy S22 5G S901U Verizon Straight Talk Unlocked T-Mobile AT&T Mint,https://www.ebay.com/itm/178110773289?nordt=true,https://i.ebayimg.com/images/g/lrcAAeSwBKpqJFEZ/s-l1600.jpg,8072727495
galaxy-s22,Samsung Galaxy S22,Very Good - Refurbished,2020,166.99,,166.99,2026-08-03,buyItNow,Samsung Galaxy S22 5G SM-S901U1F 128GB 256GB Factory Unlocked Very Good,https://www.ebay.com/itm/204721985907?nordt=true,https://i.ebayimg.com/images/g/9eoAAOSwBFJjPcD9/s-l1600.jpg,
galaxy-s22,Samsung Galaxy S22,Brand New,1000,252.99,,252.99,2026-08-03,buyItNow,NEW Samsung Galaxy S22 5G SM-S901U 8+128GB Unlocked GSM+CDMA Smartphone Mobile,https://www.ebay.com/itm/157948336133?nordt=true,https://i.ebayimg.com/images/g/SOsAAeSwFCdqF-oW/s-l1600.jpg,3072579174
galaxy-s22,Samsung Galaxy S22,Excellent - Refurbished,2010,159.99,,159.99,2026-08-03,buyItNow,Samsung Galaxy S22 128GB 5G SM-S901U1 FACTORY UNLOCKED CDMA + GSM- EXCELLENT,https://www.ebay.com/itm/115990092373?nordt=true,https://i.ebayimg.com/images/g/xr0AAOSwFZVlvsfM/s-l1600.jpg,3072579174
galaxy-s22,Samsung Galaxy S22,Good - Refurbished,2030,146.65,,146.65,2026-08-03,buyItNow,Samsung Galaxy S22 Black 128GB Good - Refurbished  - Unlocked,https://www.ebay.com/itm/127610111110?nordt=true,https://i.ebayimg.com/images/g/Kf4AAeSw7QVqOVrT/s-l1600.jpg,3072579174
galaxy-s22,Samsung Galaxy S22,Good - Refurbished,2030,147.99,,147.99,2026-08-04,buyItNow,Samsung Galaxy S22 128GB S901U Unlocked - Good,https://www.ebay.com/itm/255865325274?nordt=true,https://i.ebayimg.com/images/g/~50AAeSw3BZojEkt/s-l1600.jpg,24058039563
pixel-7,Google Pixel 7,Pre-Owned,3000,160.0,,160.0,2026-08-01,buyItNow,Google Pixel 7 128GB White - Carrier Unlocked AT&T T-Mobile Verizon GSM 7642600,https://www.ebay.com/itm/377382044406?nordt=true,https://i.ebayimg.com/images/g/FwkAAeSwZlJqa4SW/s-l1600.jpg,9056921826
pixel-7,Google Pixel 7,Pre-Owned,3000,188.0,,188.0,2026-08-01,buyItNow,Google Pixel 7 Factory Unlocked ATT TMobile Verizon Unlockable BL 7640640,https://www.ebay.com/itm/298545380113?nordt=true,https://i.ebayimg.com/images/g/YAMAAeSwws5qa4RJ/s-l1600.jpg,8074111125
pixel-7,Google Pixel 7,Pre-Owned,3000,164.99,,164.99,2026-08-02,buyItNow,Google Pixel 7 128GB Unlocked Smartphone - Good,https://www.ebay.com/itm/157533468872?nordt=true,https://i.ebayimg.com/images/g/XY4AAeSw5-ZpOG-I/s-l1600.jpg,8074111125
pixel-7,Google Pixel 7,Pre-Owned,3000,350.0,10.95,360.95,2026-08-02,buyItNow,Rooted Google Pixel 7 Nethunter Pentest Device,https://www.ebay.com/itm/317747194565?nordt=true,https://i.ebayimg.com/images/g/gZAAAeSw9QBpBDOe/s-l1600.jpg,
pixel-7,Google Pixel 7,Pre-Owned,3000,149.0,6.8,155.8,2026-08-02,buyItNow,Google Pixel 7 - 128 GB - Snow (Unlocked),https://www.ebay.com/itm/267745594363?nordt=true,https://i.ebayimg.com/images/g/jdAAAeSwB-dqbzWB/s-l1600.jpg,9056921826
pixel-7,Google Pixel 7,Pre-Owned,3000,419.0,8.13,427.13,2026-08-02,buyItNow,SLEKE Phone Google Pixel 7 Unlocked Minimalist Smartphone OdysseyOS,https://www.ebay.com/itm/398225180569?nordt=true,https://i.ebayimg.com/images/g/lZ4AAeSwlktqaR8Q/s-l1600.jpg,16056918547
pixel-7,Google Pixel 7,Pre-Owned,3000,300.0,,300.0,2026-08-02,buyItNow,*ROOTED* - Google Pixel 7 - Pokémon Go Spoofing READY! - **READ DESCRIPTION**,https://www.ebay.com/itm/358847765952?nordt=true,https://i.ebayimg.com/images/g/bKAAAeSw7shp1yNE/s-l1600.jpg,
pixel-7,Google Pixel 7,Pre-Owned,3000,159.99,8.13,168.12,2026-08-02,buyItNow,Google Pixel 7 - 128 GB - Obsidian (Unlocked),https://www.ebay.com/itm/298553938953?nordt=true,https://i.ebayimg.com/images/g/oHsAAeSweXxqb583/s-l1600.jpg,8074111125
pixel-7,Google Pixel 7,Pre-Owned,3000,120.0,8.75,128.75,2026-08-02,auction,Google Pixel 7 - 128GB - Obsidian - Verizon,https://www.ebay.com/itm/278214424266?nordt=true,https://i.ebayimg.com/images/g/z7AAAeSwMm1qY5fh/s-l1600.jpg,2327972416
pixel-7,Google Pixel 7,Pre-Owned,3000,129.99,,129.99,2026-08-03,buyItNow,Google Pixel 7 GQML3 128 GB Android 16 Verizon Only (Wi-Fi + 5G),https://www.ebay.com/itm/188722350288?nordt=true,https://i.ebayimg.com/images/g/jXoAAeSwYlFqbN9p/s-l1600.jpg,2327972416
pixel-7,Google Pixel 7,Pre-Owned,3000,119.95,,119.95,2026-08-03,buyItNow,Google Pixel 7 - 128GB - Black (Verizon) - Excellent Condition,https://www.ebay.com/itm/158139715413?nordt=true,https://i.ebayimg.com/images/g/gesAAeSw~FRo5oyk/s-l1600.jpg,2327972416
pixel-7,Google Pixel 7,Pre-Owned,3000,120.0,,120.0,2026-08-03,buyItNow,Google Pixel 7 128GB Snow Unlocked - For Parts - No Fingerprint,https://www.ebay.com/itm/358879846594?nordt=true,https://i.ebayimg.com/images/g/gSMAAeSwEChqcQDT/s-l1600.jpg,9056921826
pixel-7,Google Pixel 7,Pre-Owned,3000,179.99,,179.99,2026-08-03,buyItNow,Google Pixel 7 128GB Unlocked Smartphone - Very Good,https://www.ebay.com/itm/158135557455?nordt=true,https://i.ebayimg.com/images/g/XY4AAeSw5-ZpOG-I/s-l1600.jpg,8074111125
pixel-7,Google Pixel 7,Pre-Owned,3000,112.5,6.68,119.18,2026-08-03,auction,SMARTPHONE GOOGLE PIXEL 7 IN Obsidian,https://www.ebay.com/itm/188703033162?nordt=true,https://i.ebayimg.com/images/g/q9EAAeSwimlqZ3hM/s-l1600.jpg,8074111125
pixel-7,Google Pixel 7,Pre-Owned,3000,179.95,,179.95,2026-08-04,buyItNow,Google Pixel 7 GVU6C Unlocked 128GB Snow WHITE Excellent Condition,https://www.ebay.com/itm/298520404352?nordt=true,https://i.ebayimg.com/images/g/1PIAAeSw6JVqXk-Y/s-l1600.jpg,9056921826
pixel-7,Google Pixel 7,Pre-Owned,3000,165.0,11.02,176.02,2026-08-04,buyItNow,Google Pixel 7 128GB Obsidian (Unlocked),https://www.ebay.com/itm/318677970171?nordt=true,https://i.ebayimg.com/images/g/gKQAAeSwpx9qXYVt/s-l1600.jpg,8074111125
pixel-7,Google Pixel 7,Pre-Owned,3000,139.99,6.17,146.16,2026-08-04,buyItNow,pixel 7 unlocked 128gb,https://www.ebay.com/itm/307103218457?nordt=true,https://i.ebayimg.com/images/g/VSEAAeSw0-xqcAYv/s-l1600.jpg,8074111125
pixel-7,Google Pixel 7,Parts Only,7000,79.0,7.22,86.22,2026-08-02,auctionWithBIN,Google Pixel 7 - 128 GB - Obsidian (Unlocked),https://www.ebay.com/itm/318669738804?nordt=true,https://i.ebayimg.com/images/g/SfYAAeSw8QJqbo6k/s-l1600.jpg,8074111125
pixel-7,Google Pixel 7,Parts Only,7000,96.0,,96.0,2026-08-02,auctionWithBIN,Google Pixel 7 - 128GB - Obsidian (Unlocked) - CRACKED BACK,https://www.ebay.com/itm/307092285527?nordt=true,https://i.ebayimg.com/images/g/GGkAAeSwvdxqZal1/s-l1600.jpg,8074111125
pixel-7,Google Pixel 7,Parts Only,7000,89.99,11.99,101.98,2026-08-02,buyItNow,Lot of 7 Google Pixel Smartphones MIXED MODELS -  FOR  PARTS AND REPAIR,https://www.ebay.com/itm/298502480215?nordt=true,https://i.ebayimg.com/images/g/QY4AAeSw-LRqIZWi/s-l1600.jpg,
pixel-7,Google Pixel 7,Parts Only,7000,45.95,6.57,52.52,2026-08-03,buyItNow,Google Pixel 7 - 128 GB - Obsidian (T-Mobile),https://www.ebay.com/itm/298549699499?nordt=true,https://i.ebayimg.com/images/g/BHgAAeSwaStqbYdc/s-l1600.jpg,24064995571
pixel-7,Google Pixel 7,Parts Only,7000,72.08,,72.08,2026-08-03,auction,Google Pixel 7 128GB Obsidian (Unlocked) (MUST READ DESCRIPTION),https://www.ebay.com/itm/307094412725?nordt=true,https://i.ebayimg.com/images/g/ReEAAeSwqmpqamSj/s-l1600.jpg,8074111125
pixel-7,Google Pixel 7,Parts Only,7000,72.99,,72.99,2026-08-03,buyItNow,Google Pixel 7 128GB Obsidian Black | Spectrum Locked | Excellent- IMEI Issue,https://www.ebay.com/itm/327265668743?nordt=true,https://i.ebayimg.com/images/g/Zd0AAeSwCGppsdB6/s-l1600.jpg,26065008434
pixel-7,Google Pixel 7,Parts Only,7000,89.95,,89.95,2026-08-03,buyItNow,Google Pixel 7 - 128GB - Black (Verizon) - Cracked Back,https://www.ebay.com/itm/366583244881?nordt=true,https://i.ebayimg.com/images/g/AJ8AAeSwunVqPptV/s-l1600.jpg,2327972416
pixel-7,Google Pixel 7,Parts Only,7000,100.0,8.75,108.75,2026-08-04,auction,Google Pixel 7 - 128GB - Black - Unlocked - AS-IS,https://www.ebay.com/itm/287484073212?nordt=true,https://i.ebayimg.com/images/g/hWQAAeSw0Q9qQT95/s-l1600.jpg,8074111125
pixel-7,Google Pixel 7,Good - Refurbished,2030,179.95,,179.95,2026-08-02,buyItNow,Google Pixel 7 - 128 GB - Obsidian (Unlocked) Smartphone - Good,https://www.ebay.com/itm/188671519864?nordt=true,https://i.ebayimg.com/images/g/b4kAAeSwaStqXm5i/s-l1600.jpg,8074111125
pixel-7,Google Pixel 7,Very Good - Refurbished,2020,194.95,,194.95,2026-08-02,buyItNow,Google Pixel 7 - 128 GB - Obsidian (Unlocked) Smartphone - Very Good,https://www.ebay.com/itm/278128171898?nordt=true,https://i.ebayimg.com/images/g/nAsAAeSw1WNqMD9c/s-l1600.jpg,8074111125
pixel-7,Google Pixel 7,Good - Refurbished,2030,164.89,,164.89,2026-08-02,buyItNow,Google Pixel 7 - 128GB - Obsidian (Unlocked) - Good Condition,https://www.ebay.com/itm/307054216830?nordt=true,https://i.ebayimg.com/images/g/WNQAAeSwRslqSgQL/s-l1600.jpg,8074111125
pixel-7,Google Pixel 7,Very Good - Refurbished,2020,194.95,,194.95,2026-08-03,buyItNow,Google Pixel 7 - 128 GB - Obsidian (Unlocked) Smartphone - Very Good,https://www.ebay.com/itm/188046330405?nordt=true,https://i.ebayimg.com/images/g/Kh4AAeSwfX1pi5eL/s-l1600.jpg,8074111125
pixel-7,Google Pixel 7,Good - Refurbished,2030,179.67,,179.67,2026-08-03,buyItNow,Google Pixel 7 GQML3 128GB 8GB Unlocked Black Good Condition,https://www.ebay.com/itm/406919308024?nordt=true,https://i.ebayimg.com/images/g/flgAAeSwNylqAIoS/s-l1600.jpg,8074111125
pixel-7,Google Pixel 7,Very Good - Refurbished,2020,164.99,,164.99,2026-08-03,buyItNow,Google Pixel 7 GVU6C 128GB 256GB Unlocked Very Good Refurbished 1 Year Warranty,https://www.ebay.com/itm/355617734563?nordt=true,https://i.ebayimg.com/images/g/gUYAAOSwmbtlZQzY/s-l1600.jpg,16056918547
pixel-7,Google Pixel 7,Brand New,1000,235.0,6.08,241.08,2026-08-03,buyItNow,Google Pixel 7 128GB Obsidian (Unlocked) GA03923-US 5G Smartphone Excellent,https://www.ebay.com/itm/267624234234?nordt=true,https://i.ebayimg.com/images/g/~oEAAeSw9A1pylo~/s-l1600.jpg,8074111125
pixel-7,Google Pixel 7,Brand New,1000,235.0,6.01,241.01,2026-08-03,buyItNow,Google Pixel 7 128GB Snow (Unlocked) GA03933-US 5G Smartphone Excellent,https://www.ebay.com/itm/267624237646?nordt=true,https://i.ebayimg.com/images/g/ipUAAeSwaO1pyluO/s-l1600.jpg,9056921826
pixel-7,Google Pixel 7,Excellent - Refurbished,2010,167.19,,167.19,2026-08-03,buyItNow,Google Pixel 7 GQML3 (Spectrum Mobile Only) 128GB Lemongrass (Excellent),https://www.ebay.com/itm/287259203979?nordt=true,https://i.ebayimg.com/images/g/GWMAAeSwAshp1Ya4/s-l1600.jpg,2336047453
macbook-air-m2,MacBook Air M2,Pre-Owned,3000,500.0,,500.0,2026-05-16,buyItNow,"Apple MacBook Air 13.6"" M2 2022 A2681 8GB RAM 256GB NVME SSD Sequoia Space Gray",https://www.ebay.com/itm/318182653407?nordt=true,https://i.ebayimg.com/images/g/Q2wAAeSwhANp54q8/s-l1600.jpg,
macbook-air-m2,MacBook Air M2,Pre-Owned,3000,499.99,,499.99,2026-07-01,buyItNow,"2022 Apple MacBook Air 13.6"" M2 8C GPU 3.5GHz 8GB RAM 256GB SSD 5LXY3LL/A",https://www.ebay.com/itm/800252459592?nordt=true,https://i.ebayimg.com/images/g/kwMAAeSwJKZqQAyk/s-l1600.jpg,
macbook-air-m2,MacBook Air M2,Pre-Owned,3000,459.99,,459.99,2026-07-21,buyItNow,"2022 Apple MacBook Air 13.6"" M2 8C GPU 3.5GHz 8GB RAM 256GB SSD A2681",https://www.ebay.com/itm/307052501605?nordt=true,https://i.ebayimg.com/images/g/jT4AAeSwrFJqT-DI/s-l1600.jpg,12056104244
macbook-air-m2,MacBook Air M2,Pre-Owned,3000,599.99,,599.99,2026-07-24,buyItNow,"2022 Apple MacBook Air 13.6"" M2 8C GPU 3.5GHz 16GB RAM 256GB SSD MC7W4LL/A",https://www.ebay.com/itm/147458630144?nordt=true,https://i.ebayimg.com/images/g/kXQAAeSw3QFqY3ex/s-l1600.jpg,
macbook-air-m2,MacBook Air M2,Pre-Owned,3000,529.99,,529.99,2026-07-26,buyItNow,"2022 Apple MacBook Air 13.6"" M2 10C GPU 3.5GHz 8GB RAM 512GB SSD MLY43LL/A",https://www.ebay.com/itm/206428877212?nordt=true,https://i.ebayimg.com/images/g/8xUAAeSwwvJqXn66/s-l1600.jpg,24054512814
macbook-air-m2,MacBook Air M2,Pre-Owned,3000,350.0,13.55,363.55,2026-07-27,buyItNow,"Apple MacBook Air 13"" A2681 M2 3.49GHz 8GB LPDDR5 512GB SSD macOS MLY33LL/A 2022",https://www.ebay.com/itm/227450712480?nordt=true,https://i.ebayimg.com/images/g/eIoAAeSwgCRqZ4WD/s-l1600.jpg,
macbook-air-m2,MacBook Air M2,Pre-Owned,3000,620.45,162.4,782.85,2026-07-27,buyItNow,"2022 Apple MacBook Air 13.6"" M2 10C GPU 3.5GHz 8GB RAM 512GB SSD MLY13LL/A",https://www.ebay.com/itm/366542726340?nordt=true,https://i.ebayimg.com/images/g/I4EAAeSwBu9qVo5y/s-l1600.jpg,22054516445
macbook-air-m2,MacBook Air M2,Pre-Owned,3000,389.99,8.01,398.0,2026-07-27,buyItNow,"2022 Apple MacBook Air 13.6"" Silver M2 16GB RAM 256GB SSD, Some Keys Not Working",https://www.ebay.com/itm/257646455168?nordt=true,https://i.ebayimg.com/images/g/nGAAAeSw2~5qaDXy/s-l1600.jpg,
macbook-air-m2,MacBook Air M2,Pre-Owned,3000,524.99,,524.99,2026-07-27,buyItNow,"Apple MacBook Air 13"" A2681 2022 M2 3.49GHz 16GB RAM 256GB SSD 08 No AC C4*385",https://www.ebay.com/itm/318643339649?nordt=true,https://i.ebayimg.com/images/g/yKgAAeSwjYdqZ8mI/s-l1600.jpg,
macbook-air-m2,MacBook Air M2,Pre-Owned,3000,441.0,34.75,475.75,2026-07-27,auction,"2022 Apple MacBook Air 13.6"" M2 10C GPU 3.5GHz 8GB RAM 512GB SSD MLY43LL/A",https://www.ebay.com/itm/267738205378?nordt=true,https://i.ebayimg.com/images/g/d7QAAeSwrptqZArY/s-l1600.jpg,24054512814
macbook-air-m2,MacBook Air M2,Pre-Owned,3000,524.99,,524.99,2026-07-27,buyItNow,"Apple MacBook Air 13"" A2681 2022 M2 3.49GHz 16GB RAM 256GB SSD 04 No AC C4*385",https://www.ebay.com/itm/178349069989?nordt=true,https://i.ebayimg.com/images/g/Y7MAAeSwBFtqZ8ax/s-l1600.jpg,
macbook-air-m2,MacBook Air M2,Pre-Owned,3000,524.99,,524.99,2026-07-27,buyItNow,"Apple MacBook Air 13"" A2681 2022 M2 3.49GHz 16GB RAM 256GB SSD 07 No AC C4*385",https://www.ebay.com/itm/178349217840?nordt=true,https://i.ebayimg.com/images/g/JWEAAeSwQtRqZ8bj/s-l1600.jpg,
macbook-air-m2,MacBook Air M2,Pre-Owned,3000,524.99,,524.99,2026-07-27,buyItNow,"Apple MacBook Air 13"" A2681 2022 M2 3.49GHz 16GB RAM 256GB SSD 05 No AC C4*385",https://www.ebay.com/itm/407102330845?nordt=true,https://i.ebayimg.com/images/g/KJQAAeSwE55qZ8bD/s-l1600.jpg,
macbook-air-m2,MacBook Air M2,Pre-Owned,3000,524.99,,524.99,2026-07-27,buyItNow,"Apple MacBook Air 13"" A2681 2022 M2 3.49GHz 16GB RAM 256GB SSD 06 No AC C4*385",https://www.ebay.com/itm/178349175304?nordt=true,https://i.ebayimg.com/images/g/GYsAAeSwYttqZ8Xc/s-l1600.jpg,
macbook-air-m2,MacBook Air M2,Pre-Owned,3000,510.0,6.07,516.07,2026-07-27,auction,"Apple MacBook Air 13 in 2022 Space Gray/Apple M2 3.49 GHz, 256 GB 8 GB 8-Core",https://www.ebay.com/itm/257633091275?nordt=true,https://i.ebayimg.com/images/g/fwUAAeSw2VhqXoJi/s-l1600.jpg,8072068821
macbook-air-m2,MacBook Air M2,Pre-Owned,3000,654.95,,654.95,2026-07-27,buyItNow,Apple MacBook Air 2022 A2681 13in M2 10 Core GPU 8GB RAM 1TB SSD Fair,https://www.ebay.com/itm/306955843282?nordt=true,https://i.ebayimg.com/images/g/ayYAAeSw~F1qEMcA/s-l1600.jpg,
macbook-air-m2,MacBook Air M2,Pre-Owned,3000,499.99,,499.99,2026-07-27,buyItNow,"Apple MacBook Air 13"" A2681 2022, M2 3.49GHz, 16GB RAM, 256GB SSD, No AC C4*385",https://www.ebay.com/itm/407102188795?nordt=true,https://i.ebayimg.com/images/g/aIgAAeSw-1dqZ6H4/s-l1600.jpg,
macbook-air-m2,MacBook Air M2,Pre-Owned,3000,599.99,,599.99,2026-07-27,buyItNow,"2022 Apple MacBook Air 13.6"" M2 8C GPU 3.5GHz 16GB RAM 256GB SSD MC7X4LL/A",https://www.ebay.com/itm/398220540483?nordt=true,https://i.ebayimg.com/images/g/MsgAAeSwWUhqZ4J8/s-l1600.jpg,
macbook-air-m2,MacBook Air M2,Pre-Owned,3000,449.99,,449.99,2026-07-27,buyItNow,"Apple MacBook Air 13"" A2681 2022 M2 3.49GHz 16GB RAM 256GB SSD Marks C3*385",https://www.ebay.com/itm/407102126437?nordt=true,https://i.ebayimg.com/images/g/o2EAAeSwQtRqZ5ei/s-l1600.jpg,
macbook-air-m2,MacBook Air M2,Pre-Owned,3000,499.99,,499.99,2026-07-27,buyItNow,"Apple MacBook Air 13"" A2681 2022, M2 3.49GHz, 16GB RAM, 256GB SSD, No AC C4*385",https://www.ebay.com/itm/407102063481?nordt=true,https://i.ebayimg.com/images/g/Q3sAAeSwBEtqZ5A9/s-l1600.jpg,
macbook-air-m2,MacBook Air M2,Pre-Owned,3000,595.0,29.95,624.95,2026-07-28,buyItNow,"2022 Apple M2 MacBook Air 13.6"" 16GB/512GB SSD - (Midnight) A2681",https://www.ebay.com/itm/158129577596?nordt=true,https://i.ebayimg.com/images/g/CHEAAeSwk8ZqaTK9/s-l1600.jpg,19076639564
macbook-air-m2,MacBook Air M2,Pre-Owned,3000,570.49,,570.49,2026-07-28,buyItNow,"2022 Apple MacBook Air 13.6"" (M2 Chip, 8GB RAM, 256GB SSD) Laptop - Grade A",https://www.ebay.com/itm/147080389970?nordt=true,https://i.ebayimg.com/images/g/X9QAAeSwLKtox67r/s-l1600.jpg,19063156055
macbook-air-m2,MacBook Air M2,Pre-Owned,3000,449.99,,449.99,2026-07-28,buyItNow,"Apple MacBook Air 13"" A2681 2022 Apple M2 3.49GHz 16GB RAM 256GB SSD Mark C3*385",https://www.ebay.com/itm/407101927920?nordt=true,https://i.ebayimg.com/images/g/-I4AAeSw3mlqZ3pV/s-l1600.jpg,
macbook-air-m2,MacBook Air M2,Pre-Owned,3000,500.0,29.04,529.04,2026-07-28,buyItNow,Apple MacBook Air 2022 A2681 13in M2 8 Core GPU 8GB RAM 250GB SSD Sequoia No AC,https://www.ebay.com/itm/327230600639?nordt=true,https://i.ebayimg.com/images/g/fuwAAeSw8HVqPBwz/s-l1600.jpg,8087967949
macbook-air-m2,MacBook Air M2,Pre-Owned,3000,520.0,13.5,533.5,2026-07-28,buyItNow,Apple Macbook Air M2 Chip A2681 2022 Excellent Very Light Use 100% 10Cycle Count,https://www.ebay.com/itm/168555225149?nordt=true,https://i.ebayimg.com/images/g/JWIAAeSwmOFqPdhb/s-l1600.jpg,4054510406
macbook-air-m2,MacBook Air M2,Pre-Owned,3000,589.99,19.98,609.97,2026-07-28,buyItNow,"Apple MacBook Air M2 – 13-inch (2022) – 16GB RAM, 256GB SSD, Gray",https://www.ebay.com/itm/366570046135?nordt=true,https://i.ebayimg.com/images/g/ljcAAeSwU7hqaDi-/s-l1600.jpg,
macbook-air-m2,MacBook Air M2,Pre-Owned,3000,574.99,,574.99,2026-07-29,buyItNow,"2022 Apple MacBook Air 13.6"" M2 8C GPU 3.5GHz 8GB RAM 256GB SSD MLY33LL/A",https://www.ebay.com/itm/318560350944?nordt=true,https://i.ebayimg.com/images/g/OvkAAeSwyeRqTsY3/s-l1600.jpg,
macbook-air-m2,MacBook Air M2,Pre-Owned,3000,499.0,15.81,514.81,2026-07-29,buyItNow,2022 Apple MacBook Air M2 13 Inch A2681 8GB RAM 256GB SSD,https://www.ebay.com/itm/206443973951?nordt=true,https://i.ebayimg.com/images/g/WsoAAeSwpwZqZq~t/s-l1600.jpg,
macbook-air-m2,MacBook Air M2,Pre-Owned,3000,879.99,,879.99,2026-07-29,buyItNow,NEW BATTERY Apple MacBook Air 2022 13 Inch Apple M2 1TB SSD 24GB RAM 10-Core GPU,https://www.ebay.com/itm/188678229172?nordt=true,https://i.ebayimg.com/images/g/EdkAAeSwAbdqYCWC/s-l1600.jpg,
macbook-air-m2,MacBook Air M2,Pre-Owned,3000,700.0,8.31,708.31,2026-07-29,buyItNow,Apple MacBook Air 13in Gray M2 16GB RAM 516GB SSD Laptop (2022) with Extras,https://www.ebay.com/itm/398228997857?nordt=true,https://i.ebayimg.com/images/g/aUcAAeSwUFpqZRN6/s-l1600.jpg,
macbook-air-m2,MacBook Air M2,Pre-Owned,3000,500.0,5.93,505.93,2026-07-29,buyItNow,"2022 Apple MacBook Air 13.6"" Laptop Space Gray 256GB SSD, M2, 8GB RAM",https://www.ebay.com/itm/168573818744?nordt=true,https://i.ebayimg.com/images/g/tYkAAeSwkB5qanxr/s-l1600.jpg,8072068821
macbook-air-m2,MacBook Air M2,Pre-Owned,3000,653.0,,653.0,2026-07-29,buyItNow,"2022 Apple M2 MacBook Air 13.6"" 3.49GHz/16GB/512GB SSD (Space Gray) - A2681",https://www.ebay.com/itm/358855008358?nordt=true,https://i.ebayimg.com/images/g/mbQAAeSwHg9qaPQY/s-l1600.jpg,
macbook-air-m2,MacBook Air M2,Pre-Owned,3000,579.99,,579.99,2026-07-29,buyItNow,"2022 Apple MacBook Air 13.6"" M2 8C GPU 3.5GHz 8GB RAM 256GB SSD A2681",https://www.ebay.com/itm/407101926054?nordt=true,https://i.ebayimg.com/images/g/zIcAAeSwknFqZ3j1/s-l1600.jpg,25063264890
macbook-air-m2,MacBook Air M2,Pre-Owned,3000,654.0,,654.0,2026-07-29,buyItNow,"2022 Apple M2 MacBook Air 13.6"" 3.49GHz/24GB/512GB SSD (Midnight) - A2681",https://www.ebay.com/itm/147456845728?nordt=true,https://i.ebayimg.com/images/g/zW4AAeSwl85qYn7A/s-l1600.jpg,15064259373
macbook-air-m2,MacBook Air M2,Pre-Owned,3000,550.0,11.68,561.68,2026-07-29,buyItNow,"Apple MacBook Air 2022 13"" (256GB SSD M2 8-core, 8GB) Laptop Black (A2681) W/Box",https://www.ebay.com/itm/168563533661?nordt=true,https://i.ebayimg.com/images/g/kVsAAeSwh~xqXipg/s-l1600.jpg,25063264890
macbook-air-m2,MacBook Air M2,Pre-Owned,3000,599.95,14.99,614.94,2026-07-29,buyItNow,"Apple MacBook Air 2022 13"" - M2 10 Cores - 16GB RAM 512GB SSD - A2681 - Tahoe OS",https://www.ebay.com/itm/168573713702?nordt=true,https://i.ebayimg.com/images/g/ZfkAAeSwsFZqamy1/s-l1600.jpg,
macbook-air-m2,MacBook Air M2,Pre-Owned,3000,550.0,6.05,556.05,2026-07-29,buyItNow,"13-Inch Apple MacBook Air M2 Chip Laptop - 8GB RAM, 256GB SSD - 2022 Model",https://www.ebay.com/itm/267719865813?nordt=true,https://i.ebayimg.com/images/g/UnkAAeSwbodqTDh4/s-l1600.jpg,
macbook-air-m2,MacBook Air M2,Pre-Owned,3000,649.99,,649.99,2026-07-29,buyItNow,"Apple MacBook Air 2022 Midnight 13"" A2681 M2 8CPU/10GPU Core 16GB RAM 256GB SSD",https://www.ebay.com/itm/198529435463?nordt=true,https://i.ebayimg.com/images/g/lTkAAeSwo9lqaBr2/s-l1600.jpg,
macbook-air-m2,MacBook Air M2,Pre-Owned,3000,471.0,11.27,482.27,2026-07-29,auction,"Apple MacBook Air 13.6"" Silver (2022) M2 8GB RAM 256GB SSD Backlit KB",https://www.ebay.com/itm/358829812580?nordt=true,https://i.ebayimg.com/images/g/uRcAAeSwE55qXN1S/s-l1600.jpg,
macbook-air-m2,MacBook Air M2,Pre-Owned,3000,549.99,20.0,569.99,2026-07-29,buyItNow,"2022 Apple MacBook Air 13.6"" M2 8-Core GPU 8GB 256GB A2681 Midnight",https://www.ebay.com/itm/267698988724?nordt=true,https://i.ebayimg.com/images/g/KKEAAeSwE2hqLsfi/s-l1600.jpg,25063264890
macbook-air-m2,MacBook Air M2,Pre-Owned,3000,550.0,17.92,567.92,2026-07-29,buyItNow,"2022 Apple MacBook Air 13.6"" M2 8C GPU 3.5GHz 8GB RAM 256GB SSD",https://www.ebay.com/itm/407005863514?nordt=true,https://i.ebayimg.com/images/g/7fIAAeSweBdqAQdl/s-l1600.jpg,25063264890
macbook-air-m2,MacBook Air M2,Pre-Owned,3000,550.0,27.24,577.24,2026-07-29,buyItNow,"Apple MacBook Air 13 in 2022 Midnight/Apple M2 3.49 GHz, 256 GB 8 GB 8-Core",https://www.ebay.com/itm/397412717887?nordt=true,https://i.ebayimg.com/images/g/kbQAAeSwylhpRrtR/s-l1600.jpg,10072079047
macbook-air-m2,MacBook Air M2,Pre-Owned,3000,549.99,,549.99,2026-07-30,buyItNow,"2022 Apple MacBook Air 13.6"" M2 8C GPU 3.5GHz 8GB RAM 256GB SSD A2681",https://www.ebay.com/itm/366573190260?nordt=true,https://i.ebayimg.com/images/g/9uIAAeSw-4Nqakyz/s-l1600.jpg,25063264890
macbook-air-m2,MacBook Air M2,Pre-Owned,3000,499.0,,499.0,2026-07-30,buyItNow,Apple MacBook Air 2022 M2 A2681 13in M2 8Core GPU 16GB RAM 256GB SSD USED GOOD,https://www.ebay.com/itm/137569260952?nordt=true,https://i.ebayimg.com/images/g/nX8AAeSwcGlqbBDh/s-l1600.jpg,
macbook-air-m2,MacBook Air M2,Pre-Owned,3000,471.0,14.99,485.99,2026-07-30,auction,"2022 Apple MacBook Air A2681 13.6"" M2 8C GPU 3.5GHz 8GB RAM 256GB SSD Excellent",https://www.ebay.com/itm/168568425182?nordt=true,https://i.ebayimg.com/images/g/VWcAAeSwcGlqZ93k/s-l1600.jpg,
macbook-air-m2,MacBook Air M2,Pre-Owned,3000,700.0,5.93,705.93,2026-07-30,buyItNow,Custom Apple MacBook Air 2022 A2681 13in M2 8 Core GPU 16GB RAM 512GB SSD,https://www.ebay.com/itm/298433578326?nordt=true,https://i.ebayimg.com/images/g/NV4AAeSwvnVqNgb-/s-l1600.jpg,
macbook-air-m2,MacBook Air M2,Pre-Owned,3000,550.0,8.54,558.54,2026-07-30,buyItNow,"2022 Apple MacBook Air 13.6"" M2 8C GPU 16GB RAM 256GB SSD MC7X4LL/A Midnight",https://www.ebay.com/itm/307061477907?nordt=true,https://i.ebayimg.com/images/g/-r4AAeSw0pRqR6zG/s-l1600.jpg,
macbook-air-m2,MacBook Air M2,Pre-Owned,3000,499.0,5.68,504.68,2026-07-30,buyItNow,"13.6-inch MacBook Air (2022) in Starlight, ft. Apple M2, 16GB memory, 256 GB SSD",https://www.ebay.com/itm/137567747209?nordt=true,https://i.ebayimg.com/images/g/E0cAAeSwlktqa4Em/s-l1600.jpg,
macbook-air-m2,MacBook Air M2,Pre-Owned,3000,485.0,,485.0,2026-07-30,buyItNow,"2022 Apple MacBook Air Midnight 13.6"" M2 8C GPU 3.5GHz 8GB RAM 256GB SSD A2681",https://www.ebay.com/itm/198535004594?nordt=true,https://i.ebayimg.com/images/g/DpcAAeSwNm9qazPj/s-l1600.jpg,25063264890
macbook-air-m2,MacBook Air M2,Pre-Owned,3000,500.0,5.93,505.93,2026-07-30,buyItNow,Apple MacBook Air 13in Blue Laptop M2 8GB RAM 256GB SSD (2022),https://www.ebay.com/itm/377381106509?nordt=true,https://i.ebayimg.com/images/g/x-0AAeSw8KJqaxpR/s-l1600.jpg,
macbook-air-m2,MacBook Air M2,Pre-Owned,3000,599.99,,599.99,2026-07-30,buyItNow,"2022 Apple MacBook Air 13.6"" M2 10C GPU 3.5GHz 8GB RAM 256GB SSD A2681",https://www.ebay.com/itm/298200622023?nordt=true,https://i.ebayimg.com/images/g/6rwAAeSwZrlp1EQD/s-l1600.jpg,
macbook-air-m2,MacBook Air M2,Pre-Owned,3000,629.0,,629.0,2026-07-30,buyItNow,"Apple MacBook Air 13"" Laptop, M2 Chip, 16GB, 256GB SSD - Space Gray- 2022",https://www.ebay.com/itm/377379763152?nordt=true,https://i.ebayimg.com/images/g/i2UAAeSwDCFqamMY/s-l1600.jpg,
macbook-air-m2,MacBook Air M2,Pre-Owned,3000,500.0,11.27,511.27,2026-07-31,buyItNow,Apple MacBook Air 13in M2 Model A2681 256GB Space Gray 2022,https://www.ebay.com/itm/398236133592?nordt=true,https://i.ebayimg.com/images/g/gOIAAeSwLQFqbSaX/s-l1600.jpg,
macbook-air-m2,MacBook Air M2,Pre-Owned,3000,750.0,16.85,766.85,2026-07-31,buyItNow,"Apple M2 MacBook Air 13.6"" 16GB/1TB 90% Battery Health 2022 A2681",https://www.ebay.com/itm/178328823011?nordt=true,https://i.ebayimg.com/images/g/qXcAAeSwTy5qXXsx/s-l1600.jpg,
macbook-air-m2,MacBook Air M2,Pre-Owned,3000,500.0,6.05,506.05,2026-07-31,buyItNow,"Apple MacBook Air 13.6"" M2 (2022) 8GB 256GB SSD Gray Wi‑Fi BT Sequoia",https://www.ebay.com/itm/327244036922?nordt=true,https://i.ebayimg.com/images/g/wlsAAeSwoYxqRu1F/s-l1600.jpg,
macbook-air-m2,MacBook Air M2,Pre-Owned,3000,650.0,,650.0,2026-07-31,buyItNow,"Apple MacBook Air 2022 13"" - M2 8 CPU / 8 GPU | 16GB RAM 512GB SSD w/ MagS3 ",https://www.ebay.com/itm/147453108655?nordt=true,https://i.ebayimg.com/images/g/JCYAAeSw5oRqYFxJ/s-l1600.jpg,
macbook-air-m2,MacBook Air M2,Pre-Owned,3000,480.0,13.0,493.0,2026-07-31,buyItNow,2022 Apple MacBook Air A2681  13” M2 8-Core CPU 16GB Ram 256GB SSD Tahoe,https://www.ebay.com/itm/188723730892?nordt=true,https://i.ebayimg.com/images/g/E6sAAeSwx7pqbRiX/s-l1600.jpg,
macbook-air-m2,MacBook Air M2,Pre-Owned,3000,479.0,,479.0,2026-07-31,buyItNow,"Apple MacBook Air 13"" M2 8-Core GPU A2681 8GB RAM 256GB SSD 2022 Midnight Fair",https://www.ebay.com/itm/307097902945?nordt=true,https://i.ebayimg.com/images/g/T4QAAeSwDI1o9-SC/s-l1600.jpg,24064273479
macbook-air-m2,MacBook Air M2,Pre-Owned,3000,499.99,,499.99,2026-07-31,buyItNow,Apple MacBook Air 2022 A2681 13in M2 8 Core GPU 8GB RAM 250GB SSD Sequoia,https://www.ebay.com/itm/257653247517?nordt=true,https://i.ebayimg.com/images/g/GYYAAeSwVktqbPAM/s-l1600.jpg,8087967949
macbook-air-m2,MacBook Air M2,Pre-Owned,3000,500.0,5.68,505.68,2026-07-31,buyItNow,"Apple MacBook Air 13 in 2022 Midnight/Apple M2 3.49 GHz, 256 GB 8 GB 8-Core",https://www.ebay.com/itm/147473087869?nordt=true,https://i.ebayimg.com/images/g/zKgAAeSwU6VqbB9V/s-l1600.jpg,18058197019
macbook-air-m2,MacBook Air M2,Pre-Owned,3000,499.99,,499.99,2026-07-31,buyItNow,"2022 Apple MacBook Air 13.6"" M2 8C GPU 3.5GHz 8GB RAM 256GB SSD A2681",https://www.ebay.com/itm/198538122428?nordt=true,https://i.ebayimg.com/images/g/tQkAAeSwzXdqbQPv/s-l1600.jpg,
macbook-air-m2,MacBook Air M2,Pre-Owned,3000,480.0,5.68,485.68,2026-07-31,buyItNow,Apple MacBook Air 13in M2 8GB 2022 Black Backlit Keyboard macOS Sonoma,https://www.ebay.com/itm/127975423380?nordt=true,https://i.ebayimg.com/images/g/aBEAAeSwdJpqVxPE/s-l1600.jpg,
macbook-air-m2,MacBook Air M2,Pre-Owned,3000,539.95,,539.95,2026-07-31,buyItNow,Apple MacBook Air 2022 A2681 13in M2 8 Core GPU 8GB RAM 256GB SSD Fair,https://www.ebay.com/itm/306833867371?nordt=true,https://i.ebayimg.com/images/g/1HkAAeSwLlVqKwNC/s-l1600.jpg,
macbook-air-m2,MacBook Air M2,Pre-Owned,3000,750.0,14.94,764.94,2026-07-31,buyItNow,Apple MacBook Air 2022 M2 13-inch 16GB RAM 1TB SSD Midnight  excellent condition,https://www.ebay.com/itm/336707812068?nordt=true,https://i.ebayimg.com/images/g/hTYAAeSwT55qZMjA/s-l1600.jpg,4054510406
macbook-air-m2,MacBook Air M2,Pre-Owned,3000,524.99,,524.99,2026-07-31,buyItNow,"2022 Apple MacBook Air 13.6"" M2 8C GPU 3.5GHz 8GB RAM 256GB SSD MLY33LL/A",https://www.ebay.com/itm/407013613509?nordt=true,https://i.ebayimg.com/images/g/2CwAAeSw0vRqNaCG/s-l1600.jpg,15054520410
macbook-air-m2,MacBook Air M2,Pre-Owned,3000,660.0,43.79,703.79,2026-07-31,buyItNow,"MacBook Air (2022) 13"" - Apple M2 8-core and 8-core GPU - 24GB RAM - SSD 256GB",https://www.ebay.com/itm/336701098939?nordt=true,https://i.ebayimg.com/images/g/Kz0AAeSwmA5qX89X/s-l1600.jpg,
macbook-air-m2,MacBook Air M2,Pre-Owned,3000,690.0,12.73,702.73,2026-07-31,buyItNow,MacBook Air M2 2022 | Apple M2 | 16GB RAM | 1TB NVMe | 494 Cycles,https://www.ebay.com/itm/236973897386?nordt=true,https://i.ebayimg.com/images/g/jiYAAeSwPpdqa8ch/s-l1600.jpg,
macbook-air-m2,MacBook Air M2,Pre-Owned,3000,504.99,,504.99,2026-07-31,buyItNow,"2022 Apple MacBook Air 13.6"" M2 8C GPU 3.5GHz 8GB RAM 256GB SSD A2681",https://www.ebay.com/itm/287420273633?nordt=true,https://i.ebayimg.com/images/g/7wQAAeSwrrZqPnOM/s-l1600.jpg,25063264890
macbook-air-m2,MacBook Air M2,Pre-Owned,3000,599.99,,599.99,2026-08-01,buyItNow,"2022 Apple MacBook Air 13.6"" M2 8C GPU 3.5GHz 16GB RAM 256GB SSD MC7X4LL/A",https://www.ebay.com/itm/147476411163?nordt=true,https://i.ebayimg.com/images/g/VdUAAeSwrFJqbiA~/s-l1600.jpg,
macbook-air-m2,MacBook Air M2,Pre-Owned,3000,499.99,11.27,511.26,2026-08-01,buyItNow,"Apple MacBook Air 13.6"" M2 2022 8GB 256GB SSD Silver - Excellent Condition",https://www.ebay.com/itm/307099062108?nordt=true,https://i.ebayimg.com/images/g/TusAAeSwvqJqbXp2/s-l1600.jpg,
macbook-air-m2,MacBook Air M2,Pre-Owned,3000,485.0,6.05,491.05,2026-08-01,buyItNow,"Apple MacBook Air 2022 13"" (Midnight, 256GB, M2 8-core, 16GB) Laptop Bundle",https://www.ebay.com/itm/287497853358?nordt=true,https://i.ebayimg.com/images/g/AHoAAeSwE55qbpyf/s-l1600.jpg,
macbook-air-m2,MacBook Air M2,Pre-Owned,3000,549.99,,549.99,2026-08-01,buyItNow,"2022 Apple Macbook Air 13.6"" M2 8C GPU 3.5GHz 8GB RAM 512GB SSD A2681",https://www.ebay.com/itm/318664607861?nordt=true,https://i.ebayimg.com/images/g/oaoAAeSwLDFqbjHy/s-l1600.jpg,19076639564
macbook-air-m2,MacBook Air M2,Pre-Owned,3000,679.0,,679.0,2026-08-01,buyItNow,"Apple MacBook Air 2022 13"" - M2 8 CPU / 10 GPU | 16GB RAM 512GB SSD w/ MagS3 ",https://www.ebay.com/itm/147453127705?nordt=true,https://i.ebayimg.com/images/g/JCYAAeSw5oRqYFxJ/s-l1600.jpg,
macbook-air-m2,MacBook Air M2,Pre-Owned,3000,471.0,14.42,485.42,2026-08-01,auction,"2022 Apple MacBook Air 13.6"" Laptop Space Gray 256GB SSD, M2, 8GB RAM SEE DESC",https://www.ebay.com/itm/278229676402?nordt=true,https://i.ebayimg.com/images/g/LOQAAeSwgPtqaqPu/s-l1600.jpg,8072068821
macbook-air-m2,MacBook Air M2,Pre-Owned,3000,390.0,14.42,404.42,2026-08-01,auction,"2022 Apple MacBook Air 13.6"" Laptop Space Gray 256GB SSD, M2, 8GB RAM SEE DESC",https://www.ebay.com/itm/278229657472?nordt=true,https://i.ebayimg.com/images/g/1vsAAeSwDB5qaqEw/s-l1600.jpg,8072068821
macbook-air-m2,MacBook Air M2,Pre-Owned,3000,449.99,,449.99,2026-08-01,buyItNow,"Apple MacBook Air 13 in 2022 Midnight/Apple M2 3.49 GHz, 256 GB 8 GB 8-Core",https://www.ebay.com/itm/257655163172?nordt=true,https://i.ebayimg.com/images/g/4VcAAeSwRTtqbkfq/s-l1600.jpg,10072079047
macbook-air-m2,MacBook Air M2,Pre-Owned,3000,650.0,8.31,658.31,2026-08-01,buyItNow,Apple MacBook Air 13in Gray M2 16GB RAM 516GB SSD Laptop (2022) with Extras,https://www.ebay.com/itm/398229104392?nordt=true,https://i.ebayimg.com/images/g/aUcAAeSwUFpqZRN6/s-l1600.jpg,
macbook-air-m2,MacBook Air M2,Pre-Owned,3000,498.0,17.45,515.45,2026-08-01,auction,"Apple MacBook Air 13"" M2 16GB RAM 512GB SSD Midnight 2022 Wi‑Fi Laptop",https://www.ebay.com/itm/267744787676?nordt=true,https://i.ebayimg.com/images/g/aXkAAeSwgm9qbgnk/s-l1600.jpg,
macbook-air-m2,MacBook Air M2,Pre-Owned,3000,653.0,,653.0,2026-08-01,buyItNow,"2022 Apple M2 MacBook Air 13.6"" 3.49GHz/16GB/512GB SSD (Midnight) - A2681",https://www.ebay.com/itm/377379889623?nordt=true,https://i.ebayimg.com/images/g/fw0AAeSwgvZqanm~/s-l1600.jpg,19076639564
macbook-air-m2,MacBook Air M2,Pre-Owned,3000,455.0,9.62,464.62,2026-08-01,auction,"2022 Apple MacBook Air 13” (M2, 8GB, 256GB)",https://www.ebay.com/itm/117321637383?nordt=true,https://i.ebayimg.com/images/g/o1IAAeSwzmFqZKkv/s-l1600.jpg,8072068816
macbook-air-m2,MacBook Air M2,Pre-Owned,3000,499.99,11.27,511.26,2026-08-01,buyItNow,"Apple MacBook Air 13.6"" M2 2022 16GB 256GB SSD Silver - Excellent Condition",https://www.ebay.com/itm/307099232357?nordt=true,https://i.ebayimg.com/images/g/yvkAAeSwcUpqbZ95/s-l1600.jpg,
macbook-air-m2,MacBook Air M2,Pre-Owned,3000,549.99,,549.99,2026-08-02,buyItNow,"2022 Apple MacBook Air 13.6"" M2 8C GPU 3.5GHz 8GB RAM 256GB SSD MLY33LL/A",https://www.ebay.com/itm/366571476537?nordt=true,https://i.ebayimg.com/images/g/RXAAAeSw-4NqaRb1/s-l1600.jpg,15054520410
macbook-air-m2,MacBook Air M2,Pre-Owned,3000,489.0,11.99,500.99,2026-08-02,auction,"Apple MacBook Air 13.6"" 13 M2 8C GPU 3.5GHz 8GB 56GB SSD MLY33LL/A 2022 Gray",https://www.ebay.com/itm/227449207327?nordt=true,https://i.ebayimg.com/images/g/0qYAAeSwBCFqRt7G/s-l1600.jpg,
macbook-air-m2,MacBook Air M2,Pre-Owned,3000,510.0,,510.0,2026-08-02,auction,"Apple MacBook Air 13"" M2 2022 Space Gray 3.49 GHz 256gb 8gb CYCLECOUNT 46 wCASE",https://www.ebay.com/itm/188699653023?nordt=true,https://i.ebayimg.com/images/g/NfYAAeSw5eRqZowh/s-l1600.jpg,8072068821
macbook-air-m2,MacBook Air M2,Pre-Owned,3000,550.0,,550.0,2026-08-02,buyItNow,Apple MacBook Air M2 2022 16GB 500GB SSD,https://www.ebay.com/itm/398174422843?nordt=true,https://i.ebayimg.com/images/g/z3cAAeSwpfRqVpFt/s-l1600.jpg,
macbook-air-m2,MacBook Air M2,Pre-Owned,3000,499.99,6.05,506.04,2026-08-02,buyItNow,"Apple MacBook Air 13.6"" M2 2022 8GB RAM 256GB SSD Midnight MLY33LL/A",https://www.ebay.com/itm/327291045390?nordt=true,https://i.ebayimg.com/images/g/3MwAAeSwi1JqbpyK/s-l1600.jpg,25063264890
macbook-air-m2,MacBook Air M2,Pre-Owned,3000,700.0,14.75,714.75,2026-08-02,buyItNow,Apple MacBook Air 2022 A2681 13in M2 8 Core GPU 16GB RAM 512GB SSD,https://www.ebay.com/itm/158144542246?nordt=true,https://i.ebayimg.com/images/g/8YcAAeSw87xqbVHa/s-l1600.jpg,
macbook-air-m2,MacBook Air M2,Pre-Owned,3000,550.0,11.27,561.27,2026-08-02,buyItNow,"Apple MacBook Air 13.6"" (512GB SSD, M2, 8GB) Laptop - Midnight - 2022",https://www.ebay.com/itm/398236579999?nordt=true,https://i.ebayimg.com/images/g/zJ4AAeSwsFZqbU7V/s-l1600.jpg,24054512814
macbook-air-m2,MacBook Air M2,Pre-Owned,3000,590.0,11.27,601.27,2026-08-02,auction,"Apple MacBook Air 13"" M2 16GB RAM 256GB SSD Blue 2022 macOS 2560x1664",https://www.ebay.com/itm/800410414934?nordt=true,https://i.ebayimg.com/images/g/UKMAAeSwARVqZhZi/s-l1600.jpg,
macbook-air-m2,MacBook Air M2,Pre-Owned,3000,670.0,,670.0,2026-08-02,buyItNow,"2022 Apple MacBook Air 13.6 in ( 512GB SSD, Apple M2,16GB) laptop gray. A2681",https://www.ebay.com/itm/198502563578?nordt=true,https://i.ebayimg.com/images/g/wsUAAeSw9ZVqWT9v/s-l1600.jpg,
macbook-air-m2,MacBook Air M2,Pre-Owned,3000,580.0,,580.0,2026-08-03,buyItNow,"Apple MacBook Air 13"" A2681 M2 3.49GHz 2022 16GB DDR5 256GB SSD Gray -GOOD",https://www.ebay.com/itm/188525307720?nordt=true,https://i.ebayimg.com/images/g/0ywAAeSwkJRo8orz/s-l1600.jpg,
macbook-air-m2,MacBook Air M2,Pre-Owned,3000,599.95,14.99,614.94,2026-08-03,buyItNow,"Apple MacBook Air 2022 13"" - M2 10 Cores - 16GB RAM 512GB SSD - A2681 - Tahoe OS",https://www.ebay.com/itm/168586244167?nordt=true,https://i.ebayimg.com/images/g/pl0AAeSwvTxqcOs9/s-l1600.jpg,
macbook-air-m2,MacBook Air M2,Pre-Owned,3000,360.0,,360.0,2026-08-03,buyItNow,Apple MacBook Air M2 8GB RAM 256GB SSD 13.6in Silver 2022 Backlit KB,https://www.ebay.com/itm/298557165241?nordt=true,https://i.ebayimg.com/images/g/RO4AAeSw-1dqcNb8/s-l1600.jpg,
macbook-air-m2,MacBook Air M2,Pre-Owned,3000,485.0,5.8,490.8,2026-08-03,buyItNow,Apple MacBook Air M2 2022 13.6in 8GB RAM 256GB SSD Gray Touch ID bundle wCHARGER,https://www.ebay.com/itm/287501266940?nordt=true,https://i.ebayimg.com/images/g/L54AAeSw-DtqcMTn/s-l1600.jpg,
macbook-air-m2,MacBook Air M2,Pre-Owned,3000,511.01,20.0,531.01,2026-08-03,auction,"Apple MacBook Air 2022 13"" (256GB SSD, M2 8-core, 8GB) Laptop - Black - (A2681)",https://www.ebay.com/itm/117329603226?nordt=true,https://i.ebayimg.com/images/g/g5gAAeSwYexqaocB/s-l1600.jpg,25063264890
macbook-air-m2,MacBook Air M2,Pre-Owned,3000,600.0,23.35,623.35,2026-08-03,buyItNow,"2022 Apple MacBook Air 13.6 in ( 512GB SSD, Apple M2,16GB) laptop gray. A2681",https://www.ebay.com/itm/307105036043?nordt=true,https://i.ebayimg.com/images/g/TOsAAeSwDDdqcOfn/s-l1600.jpg,
macbook-air-m2,MacBook Air M2,Pre-Owned,3000,600.0,23.35,623.35,2026-08-03,buyItNow,"2022 Apple MacBook Air 13.6 in ( 512GB SSD, Apple M2,16GB) laptop gray. A2681",https://www.ebay.com/itm/307104769928?nordt=true,https://i.ebayimg.com/images/g/TOsAAeSwDDdqcOfn/s-l1600.jpg,
macbook-air-m2,MacBook Air M2,Pre-Owned,3000,499.99,5.68,505.67,2026-08-03,buyItNow,2022 Apple MacBook Air 13-inch M2 A2681 Battery 100% 8GB 256GB Space Grey,https://www.ebay.com/itm/307104697016?nordt=true,https://i.ebayimg.com/images/g/bCUAAeSw0-xqcNlX/s-l1600.jpg,
macbook-air-m2,MacBook Air M2,Pre-Owned,3000,569.99,,569.99,2026-08-03,buyItNow,"2022 Apple MacBook Air 13.6"" M2 10C GPU 3.5GHz 8GB RAM 512GB SSD MLXX3LL/A",https://www.ebay.com/itm/318660405359?nordt=true,https://i.ebayimg.com/images/g/wmUAAeSwVktqbOVl/s-l1600.jpg,4054510406
macbook-air-m2,MacBook Air M2,Pre-Owned,3000,496.99,,496.99,2026-08-03,buyItNow,"Apple MacBook Air A2681 2022 13"" - M2 - 16GB RAM - 512GB SSD - Grade D",https://www.ebay.com/itm/227214645793?nordt=true,https://i.ebayimg.com/images/g/Xl8AAeSwkj1pji~V/s-l1600.jpg,
macbook-air-m2,MacBook Air M2,Pre-Owned,3000,489.99,,489.99,2026-08-03,buyItNow,"Apple MacBook Air 2022 13.6"" M2 3.5GHz 8GB RAM 256GB SSD A2681 SEE PICS!!",https://www.ebay.com/itm/227456853698?nordt=true,https://i.ebayimg.com/images/g/BjYAAeSww81qMubU/s-l1600.jpg,15064259373
macbook-air-m2,MacBook Air M2,Pre-Owned,3000,800.0,8.31,808.31,2026-08-03,buyItNow,"Apple MacBook Air 2022 13.6"" M2 16GB 1TB SSD 2560x1664 Blue USB4",https://www.ebay.com/itm/366582373331?nordt=true,https://i.ebayimg.com/images/g/HX4AAeSweXxqcAy7/s-l1600.jpg,
macbook-air-m2,MacBook Air M2,Pre-Owned,3000,515.99,7.77,523.76,2026-08-04,buyItNow,"Apple MacBook Air 13.6"" M2 2022 8GB RAM 256GB SSD Space Gray 4 Cycles EXCELLENT",https://www.ebay.com/itm/227440113748?nordt=true,https://i.ebayimg.com/images/g/CX0AAeSwbJRqSV9g/s-l1600.jpg,18054518966
macbook-air-m2,MacBook Air M2,Pre-Owned,3000,520.0,7.61,527.61,2026-08-04,buyItNow,Apple MacBook Air M2 2022 256GB 8GB Space Gray A2681 100% Battery,https://www.ebay.com/itm/227462301268?nordt=true,https://i.ebayimg.com/images/g/LKwAAeSw3QFqcl1u/s-l1600.jpg,
macbook-air-m2,MacBook Air M2,Pre-Owned,3000,489.0,7.61,496.61,2026-08-04,buyItNow,2022 Apple MacBook Air 13-inch M2 A2681 Battery 100% 8GB 256GB Space Grey,https://www.ebay.com/itm/227462274525?nordt=true,https://i.ebayimg.com/images/g/hk4AAeSwSwhqclhd/s-l1600.jpg,
macbook-air-m2,MacBook Air M2,Pre-Owned,3000,499.99,,499.99,2026-08-04,buyItNow,"2022 Apple MacBook Air 13.6"" M2 8C GPU 3.5GHz 8GB RAM 256GB SSD MLY33LL/A",https://www.ebay.com/itm/158150083101?nordt=true,https://i.ebayimg.com/images/g/Y7QAAeSwKs5qcLUh/s-l1600.jpg,15054520410
macbook-air-m2,MacBook Air M2,Pre-Owned,3000,500.0,11.27,511.27,2026-08-04,buyItNow,Apple MacBook Air 13in M2 Model A2681 256GB Space Gray 2022,https://www.ebay.com/itm/398245823242?nordt=true,https://i.ebayimg.com/images/g/gOIAAeSwLQFqbSaX/s-l1600.jpg,
macbook-air-m2,MacBook Air M2,Pre-Owned,3000,440.0,5.93,445.93,2026-08-04,buyItNow,(Excellent) Apple MacBook Air M2 2022 13-inch 8GB Ram 245gb SSD Laptop Midnight,https://www.ebay.com/itm/366573209399?nordt=true,https://i.ebayimg.com/images/g/kn8AAeSwNt5qT1ms/s-l1600.jpg,
macbook-air-m2,MacBook Air M2,Pre-Owned,3000,620.0,15.8,635.8,2026-08-04,buyItNow,Apple MacBook Air 13-inch M2 Chip 16GB RAM 256GB SSD 2022 Midnight,https://www.ebay.com/itm/188737918436?nordt=true,https://i.ebayimg.com/images/g/FqYAAeSwfCxqcNWJ/s-l1600.jpg,
macbook-air-m2,MacBook Air M2,Pre-Owned,3000,620.0,6.05,626.05,2026-08-04,buyItNow,"Apple MacBook Air 13.6"" (2022) M2 16GB RAM 256GB SSD Gray Touch ID",https://www.ebay.com/itm/358877279812?nordt=true,https://i.ebayimg.com/images/g/D6kAAeSwaStqcDLb/s-l1600.jpg,
macbook-air-m2,MacBook Air M2,Pre-Owned,3000,600.0,23.35,623.35,2026-08-04,buyItNow,"2022 Apple MacBook Air 13.6 in ( 512GB SSD, Apple M2,16GB) laptop gray. A2681",https://www.ebay.com/itm/307106501440?nordt=true,https://i.ebayimg.com/images/g/TOsAAeSwDDdqcOfn/s-l1600.jpg,
macbook-air-m2,MacBook Air M2,Pre-Owned,3000,515.0,5.8,520.8,2026-08-04,buyItNow,Apple MacBook Air M2 (2022) 13.6in 8GB 256GB SSD Black macOS,https://www.ebay.com/itm/398200386973?nordt=true,https://i.ebayimg.com/images/g/Un0AAeSwogFqX7xT/s-l1600.jpg,
macbook-air-m2,MacBook Air M2,Pre-Owned,3000,367.99,,367.99,2026-08-04,buyItNow,"Apple MLY13LL/A M2 3.49GHz 8GB RAM 256GB SSD 13.6"" - Starlight MacBook Air (2022",https://www.ebay.com/itm/236984384998?nordt=true,https://i.ebayimg.com/images/g/-SwAAeSw6FJqcfKv/s-l1600.jpg,14054511668
macbook-air-m2,MacBook Air M2,Pre-Owned,3000,463.82,,463.82,2026-08-04,buyItNow,"2022 Apple M2 MacBook Air 13.6"" 3.49GHz/8GB/256GB SSD (Space Gray) - A2681",https://www.ebay.com/itm/377376808030?nordt=true,https://i.ebayimg.com/images/g/31oAAeSwi1JqaPdm/s-l1600.jpg,
macbook-air-m2,MacBook Air M2,Pre-Owned,3000,521.99,,521.99,2026-08-04,buyItNow,"2022 Apple MacBook Air 13.6"" M2 8C GPU 3.5GHz 8GB RAM 256GB SSD MLY33LL/A",https://www.ebay.com/itm/127987094563?nordt=true,https://i.ebayimg.com/images/g/e80AAeSwsehqX6HU/s-l1600.jpg,15054520410
macbook-air-m2,MacBook Air M2,Parts Only,7000,229.99,,229.99,2026-07-24,buyItNow,"Broken 2022 Apple MacBook Air 13.6"" M2 8C GPU 3.5GHz 8GB RAM 256GB SSD READ",https://www.ebay.com/itm/307081645135?nordt=true,https://i.ebayimg.com/images/g/VK8AAeSwU6VqYlVt/s-l1600.jpg,
macbook-air-m2,MacBook Air M2,Parts Only,7000,419.99,,419.99,2026-07-25,buyItNow,"Broken 2022 Apple MacBook Air 13.6"" M2 8C GPU 3.5GHz 8GB RAM 256GB SSD READ",https://www.ebay.com/itm/147422664480?nordt=true,https://i.ebayimg.com/images/g/NOAAAeSwh5lqGcSU/s-l1600.jpg,12056104244
macbook-air-m2,MacBook Air M2,Parts Only,7000,264.99,,264.99,2026-07-29,buyItNow,"MacBook Air M2 13"" 2022, Apple M2 @ 3.49GHz, 8GB RAM, No SSD, No OS, ICL READ",https://www.ebay.com/itm/206446223653?nordt=true,https://i.ebayimg.com/images/g/ohwAAeSw6PpqZRUz/s-l1600.jpg,
macbook-air-m2,MacBook Air M2,Parts Only,7000,299.99,,299.99,2026-07-31,buyItNow,"Broken 2022 Apple MacBook Air 13.6"" M2 8C GPU 3.5GHz 8GB RAM 256GB SSD MLY33LL/A",https://www.ebay.com/itm/137541155099?nordt=true,https://i.ebayimg.com/images/g/u0UAAeSwHflqYTjX/s-l1600.jpg,28064612079
macbook-air-m2,MacBook Air M2,Parts Only,7000,274.99,,274.99,2026-08-01,buyItNow,"Broken 2022 Apple MacBook Air 13.6"" M2 8C GPU 8GB RAM 256GB SSD A2681 LCD Issue",https://www.ebay.com/itm/128004274243?nordt=true,https://i.ebayimg.com/images/g/xn4AAeSwsIxqbRZ4/s-l1600.jpg,25063264890
macbook-air-m2,MacBook Air M2,Parts Only,7000,299.99,,299.99,2026-08-01,buyItNow,"Broken 2022 Apple MacBook Air 13.6"" M2 8C GPU 3.5GHz 8GB 256GB MLY33LL/A READ",https://www.ebay.com/itm/398196833139?nordt=true,https://i.ebayimg.com/images/g/m50AAeSwUFpqXp51/s-l1600.jpg,18058197019
macbook-air-m2,MacBook Air M2,Parts Only,7000,230.0,,230.0,2026-08-01,auction,"2022 Apple MacBook Air 13in (256GB SSD, M2, 8GB) Laptop! Has Screen Damage",https://www.ebay.com/itm/198536469967?nordt=true,https://i.ebayimg.com/images/g/NskAAeSw6Z5qaBiK/s-l1600.jpg,
macbook-air-m2,MacBook Air M2,Parts Only,7000,130.0,16.69,146.69,2026-08-02,buyItNow,"Apple MacBook Air 13"" 2022 M2 Chip 8GB 512GB LCD Damaged **READ DESCRIPTION*",https://www.ebay.com/itm/206289752386?nordt=true,https://i.ebayimg.com/images/g/l5YAAeSwldpqDz4L/s-l1600.jpg,
macbook-air-m2,MacBook Air M2,Parts Only,7000,299.0,,299.0,2026-08-02,buyItNow,2022 Apple Macbook   Air m2 8gb 256gb,https://www.ebay.com/itm/168581843242?nordt=true,https://i.ebayimg.com/images/g/co4AAeSwMttqbqn5/s-l1600.jpg,
macbook-air-m2,MacBook Air M2,Parts Only,7000,289.99,,289.99,2026-08-03,buyItNow,"Apple MacBook Air 13"" M2 A2681 8GB RAM 256GB SSD 2022 Great Condition PARTS ONLY",https://www.ebay.com/itm/178360852463?nordt=true,https://i.ebayimg.com/images/g/hQEAAeSw-jdqbPRo/s-l1600.jpg,25063264890
macbook-air-m2,MacBook Air M2,Parts Only,7000,600.0,6.05,606.05,2026-08-04,buyItNow,"Apple MacBook Air 13.6'' A2681 2022 M2, Midnight Blue, 16 GB RAM, 256GB Storage",https://www.ebay.com/itm/358881413277?nordt=true,https://i.ebayimg.com/images/g/4qIAAeSwvqJqcYZs/s-l1600.jpg,19076639564
macbook-air-m2,MacBook Air M2,Brand New,1000,1075.96,57.43,1133.39,2026-06-05,buyItNow,"Apple MacBook Air 13"" 2022 M2 Mitternacht MN703D/A",https://www.ebay.com/itm/398012012791?nordt=true,https://i.ebayimg.com/images/g/DTIAAeSw-9FqHLpN/s-l1600.jpg,
macbook-air-m2,MacBook Air M2,Very Good - Refurbished,2020,695.0,,695.0,2026-07-27,buyItNow,Apple MacBook Air  2022 - M2 16GB 13.6in 256GB SSD - Very Good,https://www.ebay.com/itm/146990092315?nordt=true,https://i.ebayimg.com/images/g/gWYAAeSwn7JpJyAj/s-l1600.jpg,
macbook-air-m2,MacBook Air M2,Good - Refurbished,2030,615.95,,615.95,2026-07-28,buyItNow,Apple MacBook Air 2022 A2681 13in M2 10 Core GPU 8GB RAM 512GB SSD Good,https://www.ebay.com/itm/298187315016?nordt=true,https://i.ebayimg.com/images/g/fsEAAeSwPSFqKvti/s-l1600.jpg,25054504609
macbook-air-m2,MacBook Air M2,Very Good - Refurbished,2020,859.99,,859.99,2026-07-28,buyItNow,Apple MacBook Air 13 M2 8C/10C 24GB 1TB Space Gray (2022) - 1 Year Warranty,https://www.ebay.com/itm/137467920287?nordt=true,https://i.ebayimg.com/images/g/XCkAAeSw2IFqQ-hI/s-l1600.jpg,
macbook-air-m2,MacBook Air M2,Very Good - Refurbished,2020,829.0,,829.0,2026-07-28,buyItNow,Apple MacBook Air 2022 13 Inch 3.49 GHz Apple M2 1TB SSD 24GB RAM 10-Core GPU,https://www.ebay.com/itm/127998740628?nordt=true,https://i.ebayimg.com/images/g/mnYAAOSwzbtmXJXP/s-l1600.jpg,
macbook-air-m2,MacBook Air M2,Good - Refurbished,2030,819.0,,819.0,2026-07-28,buyItNow,Apple MacBook Air 2022 13 Inch 3.49 GHz Apple M2 1TB SSD 24GB RAM 10-Core GPU,https://www.ebay.com/itm/147459054369?nordt=true,https://i.ebayimg.com/images/g/mnYAAOSwzbtmXJXP/s-l1600.jpg,2326278089
macbook-air-m2,MacBook Air M2,Excellent - Refurbished,2010,649.87,,649.87,2026-07-28,buyItNow,"Excellent Apple MacBook Air 2022 13"" Apple M2 256GB SSD 16GBRAM 1 Yr Wty 🔋100%",https://www.ebay.com/itm/336712358000?nordt=true,https://i.ebayimg.com/images/g/65sAAeSwx7pqaCKG/s-l1600.jpg,28064612079
macbook-air-m2,MacBook Air M2,Very Good - Refurbished,2020,594.8,,594.8,2026-07-28,buyItNow,"2022 Britain Apple M2 MacBook Air 13"" 90%+ 8GB/256GB (Midnight) A2681 w/Warranty",https://www.ebay.com/itm/358671679293?nordt=true,https://i.ebayimg.com/images/g/d84AAeSw0QpqLDYi/s-l1600.jpg,15064259373
macbook-air-m2,MacBook Air M2,Good - Refurbished,2030,762.41,,762.41,2026-07-28,buyItNow,Apple MacBook Air M2 8 CPU/10 GPU 16GB 1TB 13 Silver 2022 - 1 Yr Wty,https://www.ebay.com/itm/127964557514?nordt=true,https://i.ebayimg.com/images/g/UlMAAeSwEBRqTp~t/s-l1600.jpg,22054516445
macbook-air-m2,MacBook Air M2,Very Good - Refurbished,2020,657.95,,657.95,2026-07-28,buyItNow,Apple MacBook Air 2022 A2681 13in M2 10 Core GPU 8GB RAM 512GB SSD Very Good,https://www.ebay.com/itm/298144968653?nordt=true,https://i.ebayimg.com/images/g/co8AAeSwGiFqKwYh/s-l1600.jpg,
macbook-air-m2,MacBook Air M2,Good - Refurbished,2030,712.0,,712.0,2026-07-28,buyItNow,"2022 Apple M2 MacBook Air 13.6"" 3.49GHz/16GB/512GB SSD - (Gray) A2681 w/Warranty",https://www.ebay.com/itm/147321234698?nordt=true,https://i.ebayimg.com/images/g/Fg4AAeSwGgVqDi-A/s-l1600.jpg,
macbook-air-m2,MacBook Air M2,Excellent - Refurbished,2010,936.99,,936.99,2026-07-28,buyItNow,"Apple MacBook Air M2 8C CPU 10C GPU 16GB 1TB 13"" Midnight (2022) - 1 Yr Warranty",https://www.ebay.com/itm/117281192811?nordt=true,https://i.ebayimg.com/images/g/KDIAAeSwuOVqRq4X/s-l1600.jpg,24054512814
macbook-air-m2,MacBook Air M2,Good - Refurbished,2030,772.0,,772.0,2026-07-29,buyItNow,"2022 Apple M2 MacBook Air 13.6"" 24GB/512GB SSD - (Midnight) A2681 w/Warranty",https://www.ebay.com/itm/377215416988?nordt=true,https://i.ebayimg.com/images/g/dTAAAeSw1URqF0q3/s-l1600.jpg,25063264890
macbook-air-m2,MacBook Air M2,Good - Refurbished,2030,649.0,,649.0,2026-07-29,buyItNow,"Apple Macbook Air M2 2022 13"" 8-Core CPU 8-Core GPU 256GB SSD 8GB Ram Gray Good",https://www.ebay.com/itm/227262823001?nordt=true,https://i.ebayimg.com/images/g/urEAAOSwsDZnMoOu/s-l1600.jpg,8072068821
macbook-air-m2,MacBook Air M2,Open Box,1500,490.0,11.27,501.27,2026-07-29,auction,(Excellent) Apple MacBook Air M2 2022 13-inch 8GB Ram 245gb SSD Laptop Midnight,https://www.ebay.com/itm/318620919062?nordt=true,https://i.ebayimg.com/images/g/3aIAAeSw2OBqYRVb/s-l1600.jpg,
macbook-air-m2,MacBook Air M2,Very Good - Refurbished,2020,673.63,,673.63,2026-07-29,buyItNow,"2022 Apple M2 MacBook Air 13.6"" 8GB/512GB SSD (Starlight) A2681 - w/Warranty",https://www.ebay.com/itm/147284282711?nordt=true,https://i.ebayimg.com/images/g/0lMAAeSwSihp8kUJ/s-l1600.jpg,19076639564
macbook-air-m2,MacBook Air M2,Very Good - Refurbished,2020,539.0,,539.0,2026-07-30,buyItNow,Apple MacBook Air 2022 All Colors - Qwerty/ Spanish M2 8GB 256GB SSD-Very Good,https://www.ebay.com/itm/147399232306?nordt=true,https://i.ebayimg.com/images/g/h5kAAeSwBhJqPn-u/s-l1600.jpg,
macbook-air-m2,MacBook Air M2,Excellent - Refurbished,2010,759.0,,759.0,2026-07-30,buyItNow,"Apple MacBook Air 2022 13"" - M2 8 CPU / 10 GPU | 16GB 512GB - A2681 Excellent",https://www.ebay.com/itm/147453058628?nordt=true,https://i.ebayimg.com/images/g/hD8AAeSwIHFop3PJ/s-l1600.jpg,
macbook-air-m2,MacBook Air M2,Very Good - Refurbished,2020,596.56,,596.56,2026-07-30,buyItNow,"MacBook Air (2022) 13"" – M2 8-Core CPU • 8-Core GPU – 8GB RAM 256GB SSD",https://www.ebay.com/itm/257619183181?nordt=true,https://i.ebayimg.com/images/g/r2QAAeSwEChqVLp2/s-l1600.jpg,
macbook-air-m2,MacBook Air M2,Excellent - Refurbished,2010,708.95,,708.95,2026-07-30,buyItNow,Apple MacBook Air 2022 A2681 13in M2 10 Core GPU 8GB RAM 512GB SSD Excellent,https://www.ebay.com/itm/298144748984?nordt=true,https://i.ebayimg.com/images/g/n4MAAeSwkhdqKvzu/s-l1600.jpg,
macbook-air-m2,MacBook Air M2,Good - Refurbished,2030,669.99,,669.99,2026-07-30,buyItNow,Apple MacBook Air 13 2022 M2 8-Core CPU 10-Core GPU 8GB 512GB Midnight - Good,https://www.ebay.com/itm/285620067129?nordt=true,https://i.ebayimg.com/images/g/ZHQAAeSwwdZpeU2b/s-l1600.jpg,
macbook-air-m2,MacBook Air M2,Very Good - Refurbished,2020,861.99,,861.99,2026-07-31,buyItNow,"Apple MacBook Air M2 8C/10G GPU 16GB 1TB 13"" Midnight (2022) - 1 Year Warranty",https://www.ebay.com/itm/127947844465?nordt=true,https://i.ebayimg.com/images/g/c1IAAeSw5ehqQme6/s-l1600.jpg,24054512814
macbook-air-m2,MacBook Air M2,Excellent - Refurbished,2010,619.0,,619.0,2026-07-31,buyItNow,Apple MacBook Air M2 13.6in 8-CoreCPU 8-CoreGPU 2022 256GB SSD 8GB RAM Excellent,https://www.ebay.com/itm/134716051769?nordt=true,https://i.ebayimg.com/images/g/NgwAAeSw~7JqHbYV/s-l1600.jpg,
macbook-air-m2,MacBook Air M2,Good - Refurbished,2030,597.95,,597.95,2026-07-31,buyItNow,Apple MacBook Air 2022 A2681 13in M2 8 Core GPU 8GB RAM 256GB SSD Good,https://www.ebay.com/itm/298182710220?nordt=true,https://i.ebayimg.com/images/g/yp0AAeSwZmBqKwXb/s-l1600.jpg,
macbook-air-m2,MacBook Air M2,Open Box,1500,860.99,24.5,885.49,2026-07-31,buyItNow,"2022+ Apple MacBook Air 13"" Blue M2 16C 24GB RAM 512GB w NEW Magic Keyboard & AC",https://www.ebay.com/itm/198510342745?nordt=true,https://i.ebayimg.com/images/g/lg0AAeSwT55qXabQ/s-l1600.jpg,
macbook-air-m2,MacBook Air M2,Good - Refurbished,2030,718.0,,718.0,2026-07-31,buyItNow,"2022 Apple M2 MacBook Air 13.6"" 3.49GHz/16GB/512GB - (Gray) A2681 w/Warranty",https://www.ebay.com/itm/377111357559?nordt=true,https://i.ebayimg.com/images/g/Uo4AAeSwrLVp3Unh/s-l1600.jpg,
macbook-air-m2,MacBook Air M2,Very Good - Refurbished,2020,835.0,,835.0,2026-07-31,buyItNow,"2022 Apple M2 MacBook Air 13"" 16GB/256GB SSD (Midnight) A2681 - w/Warranty",https://www.ebay.com/itm/358672037146?nordt=true,https://i.ebayimg.com/images/g/VT8AAeSw2cJqLFSM/s-l1600.jpg,15064259373
macbook-air-m2,MacBook Air M2,Very Good - Refurbished,2020,799.99,,799.99,2026-07-31,buyItNow,Apple MacBook Air 13 M2 8C CPU 10C GPU 16GB 1TB Silver (2022) - 1 Year Warranty,https://www.ebay.com/itm/127949977742?nordt=true,https://i.ebayimg.com/images/g/35sAAeSwih1qRAgw/s-l1600.jpg,22054516445
macbook-air-m2,MacBook Air M2,Very Good - Refurbished,2020,539.0,,539.0,2026-07-31,buyItNow,"Apple MacBook Air 2022 8 CPU/8 GPU Midnight Azerty/French M2 8GB 13.6""256GB SSD",https://www.ebay.com/itm/136787392773?nordt=true,https://i.ebayimg.com/images/g/AlcAAeSwXtlpJts9/s-l1600.jpg,
macbook-air-m2,MacBook Air M2,Very Good - Refurbished,2020,519.95,,519.95,2026-07-31,buyItNow,Apple Macbook Air M2 8-Core 13in 256GB SSD 16GB RAM 2022 Midnight Very Good,https://www.ebay.com/itm/407111126410?nordt=true,https://i.ebayimg.com/images/g/NFYAAeSw2VhqbOIi/s-l1600.jpg,10059142373
macbook-air-m2,MacBook Air M2,Good - Refurbished,2030,639.0,,639.0,2026-07-31,buyItNow,"Apple MacBook Air 2022 13"" - M2 8 CPU / 8 GPU | 16GB RAM 256GB SSD w/ MagS3*",https://www.ebay.com/itm/146785756199?nordt=true,https://i.ebayimg.com/images/g/2esAAeSw5UNop3Mj/s-l1600.jpg,
macbook-air-m2,MacBook Air M2,Very Good - Refurbished,2020,729.99,,729.99,2026-07-31,buyItNow,Apple MacBook Air 13 2022 M2 8-Core CPU 8-Core GPU 16GB 256GB Midnight Very Good,https://www.ebay.com/itm/276597591256?nordt=true,https://i.ebayimg.com/images/g/inQAAOSwss1mv16c/s-l1600.jpg,
macbook-air-m2,MacBook Air M2,Good - Refurbished,2030,747.0,,747.0,2026-07-31,buyItNow,"Apple MacBook Air 2022 13"" - M2 8 CPU / 8 GPU | 16GB RAM 1TB SSD w/ MagS3 ",https://www.ebay.com/itm/147453129168?nordt=true,https://i.ebayimg.com/images/g/JCYAAeSw5oRqYFxJ/s-l1600.jpg,
macbook-air-m2,MacBook Air M2,Good - Refurbished,2030,565.4,,565.4,2026-08-01,buyItNow,"2022 Apple M2 MacBook Air 13"" 3.49GHz/8GB/512GB - (Silver) A2681 w/Year Warranty",https://www.ebay.com/itm/377150659961?nordt=true,https://i.ebayimg.com/images/g/P8EAAeSwRZlp8mFM/s-l1600.jpg,
macbook-air-m2,MacBook Air M2,Very Good - Refurbished,2020,889.99,,889.99,2026-08-01,buyItNow,Apple MacBook Air 13 M2 8C/10C 24GB 1TB Starlight 2022 - 1 Yr Wty,https://www.ebay.com/itm/137568429954?nordt=true,https://i.ebayimg.com/images/g/zJcAAeSwvw1qa8Ua/s-l1600.jpg,25054504609
macbook-air-m2,MacBook Air M2,Very Good - Refurbished,2020,689.0,,689.0,2026-08-01,buyItNow,"Apple MacBook Air 2022 13"" - M2 8 CPU / 8 GPU | 16GB 256GB - A2681 Very Good 90%",https://www.ebay.com/itm/147443679468?nordt=true,https://i.ebayimg.com/images/g/hD8AAeSwIHFop3PJ/s-l1600.jpg,
macbook-air-m2,MacBook Air M2,Good - Refurbished,2030,625.95,,625.95,2026-08-01,buyItNow,Apple MacBook Air 2022 A2681 13in M2 8 Core GPU 8GB RAM 512GB SSD Good,https://www.ebay.com/itm/306873631735?nordt=true,https://i.ebayimg.com/images/g/XoAAAeSwvnVqKwSk/s-l1600.jpg,
macbook-air-m2,MacBook Air M2,Very Good - Refurbished,2020,639.0,,639.0,2026-08-02,buyItNow,Apple MacBook Air 2022 13 Inch 3.49 GHz Apple M2 512GB SSD 8GB RAM 10-Core GPU,https://www.ebay.com/itm/377347591513?nordt=true,https://i.ebayimg.com/images/g/mnYAAOSwzbtmXJXP/s-l1600.jpg,19063156055
macbook-air-m2,MacBook Air M2,Very Good - Refurbished,2020,614.0,,614.0,2026-08-02,buyItNow,"Apple MacBook Air 13"" (2022) M2 8 Core CPU 8 Core GPU 512GB SSD Gray (Very Good)",https://www.ebay.com/itm/287434213656?nordt=true,https://i.ebayimg.com/images/g/yXgAAeSwZbNqRtxF/s-l1600.jpg,
macbook-air-m2,MacBook Air M2,Good - Refurbished,2030,583.13,,583.13,2026-08-02,buyItNow,"2022 Apple M2 MacBook Air 13.6"" 8GB/512GB SSD - (Silver) A2681 w/Year Warranty",https://www.ebay.com/itm/358483685516?nordt=true,https://i.ebayimg.com/images/g/-0kAAeSwdRNp6-rf/s-l1600.jpg,
macbook-air-m2,MacBook Air M2,Very Good - Refurbished,2020,595.25,,595.25,2026-08-02,buyItNow,"2022 Apple M2 MacBook Air 13"" 90%+ Battery 3.49GHz/8GB/256GB (Gray) w/Warranty",https://www.ebay.com/itm/147039773378?nordt=true,https://i.ebayimg.com/images/g/-OkAAeSwYfhpRC1F/s-l1600.jpg,25063264890
macbook-air-m2,MacBook Air M2,Good - Refurbished,2030,642.84,,642.84,2026-08-02,buyItNow,"2022 Apple M2 MacBook Air 13"" 16GB/256GB SSD - (Midnight) A2681 w/Year Warranty",https://www.ebay.com/itm/358659586418?nordt=true,https://i.ebayimg.com/images/g/DFsAAeSwt6lqKIAV/s-l1600.jpg,15064259373
macbook-air-m2,MacBook Air M2,Brand New,1000,1074.63,84.45,1159.08,2026-08-02,buyItNow,"NEW 13-inch MacBook Air ~ (2022, Apple M2 10-Core GPU, 16GB RAM, 1TB SSD, Midni)",https://www.ebay.com/itm/318226678146?nordt=true,https://i.ebayimg.com/images/g/xaQAAeSwDeVp81Ti/s-l1600.jpg,
macbook-air-m2,MacBook Air M2,Good - Refurbished,2030,661.5,,661.5,2026-08-02,buyItNow,"2022 Apple M2 MacBook Air 13.6"" 16GB/512GB SSD - (Midnight) A2681 w/Warranty",https://www.ebay.com/itm/147301677064?nordt=true,https://i.ebayimg.com/images/g/yuEAAeSwTU5p~lJq/s-l1600.jpg,19076639564
macbook-air-m2,MacBook Air M2,Very Good - Refurbished,2020,822.99,,822.99,2026-08-03,buyItNow,Apple MacBook Air 2022 M2 13-inch 16GB RAM 1TB SSD Space Gray - 1 Year Warranty,https://www.ebay.com/itm/117266629937?nordt=true,https://i.ebayimg.com/images/g/cyUAAeSwQl1qPBom/s-l1600.jpg,4054510406
macbook-air-m2,MacBook Air M2,Good - Refurbished,2030,581.26,,581.26,2026-08-03,buyItNow,"2022 Apple M2 MacBook Air 13.6"" 8GB/512GB SSD - (Starlight) A2681 w/Warranty",https://www.ebay.com/itm/358518563925?nordt=true,https://i.ebayimg.com/images/g/0XkAAeSw~F1p-MIG/s-l1600.jpg,19076639564
macbook-air-m2,MacBook Air M2,Very Good - Refurbished,2020,739.0,,739.0,2026-08-03,buyItNow,"Apple MacBook Air 2022 13"" - M2 8 CPU / 10 GPU | 16GB 512GB - A2681 Very Good",https://www.ebay.com/itm/147453084836?nordt=true,https://i.ebayimg.com/images/g/hD8AAeSwIHFop3PJ/s-l1600.jpg,
macbook-air-m2,MacBook Air M2,Excellent - Refurbished,2010,599.99,,599.99,2026-08-03,buyItNow,"2022 Apple MacBook Air 13"" M2 Chip A2681 8GB RAM 256GB SSD Midnight - Premium",https://www.ebay.com/itm/157889968611?nordt=true,https://i.ebayimg.com/images/g/pmIAAeSwPJpp0-Js/s-l1600.jpg,
macbook-air-m2,MacBook Air M2,Excellent - Refurbished,2010,575.0,,575.0,2026-08-03,buyItNow,"Apple MacBook Air M2 13.6"" 8-CoreCPU 8-CoreGPU 2022 256GB SSD 8GB RAM",https://www.ebay.com/itm/145715527105?nordt=true,https://i.ebayimg.com/images/g/9oMAAeSwiFZqHbWA/s-l1600.jpg,
macbook-air-m2,MacBook Air M2,Open Box,1500,715.95,,715.95,2026-08-03,buyItNow,Apple MacBook Air 2022 A2681 13in M2 8 Core GPU 8GB RAM 512GB SSD Open Box Mint,https://www.ebay.com/itm/307096396251?nordt=true,https://i.ebayimg.com/images/g/LmgAAeSw9apqa7qo/s-l1600.jpg,
macbook-air-m2,MacBook Air M2,Good - Refurbished,2030,709.0,,709.0,2026-08-03,buyItNow,"Apple MacBook Air 2022 13"" - M2 8 CPU / 10 GPU | 16GB RAM 512GB SSD w/ MagS3* 85",https://www.ebay.com/itm/147438702927?nordt=true,https://i.ebayimg.com/images/g/2esAAeSw5UNop3Mj/s-l1600.jpg,
macbook-air-m2,MacBook Air M2,Good - Refurbished,2030,648.44,,648.44,2026-08-03,buyItNow,"2022 Apple M2 MacBook Air 13"" 24GB/256GB SSD - (Midnight) A2681 w/Year Warranty",https://www.ebay.com/itm/358834314044?nordt=true,https://i.ebayimg.com/images/g/NmEAAeSwogFqYjBN/s-l1600.jpg,15064259373
macbook-air-m2,MacBook Air M2,Good - Refurbished,2030,586.86,,586.86,2026-08-03,buyItNow,"2022 Apple M2 MacBook Air 13.6"" 8GB/512GB SSD - (Midnight) A2681 w/Warranty",https://www.ebay.com/itm/377131583919?nordt=true,https://i.ebayimg.com/images/g/q4AAAeSw1Hpp57IP/s-l1600.jpg,19076639564
macbook-air-m2,MacBook Air M2,Good - Refurbished,2030,664.3,,664.3,2026-08-03,buyItNow,"2022 Apple M2 MacBook Air 13"" 16GB/512GB SSD - (Midnight) A2681 w/Warranty",https://www.ebay.com/itm/147321078881?nordt=true,https://i.ebayimg.com/images/g/jecAAeSw8iBqDg31/s-l1600.jpg,19076639564
macbook-air-m2,MacBook Air M2,Excellent - Refurbished,2010,783.99,,783.99,2026-08-03,buyItNow,Apple MacBook Air 13 M2 8C CPU 10C GPU 16GB 1TB Silver (2022) - 1 Year Warranty,https://www.ebay.com/itm/127949980790?nordt=true,https://i.ebayimg.com/images/g/OKQAAeSwixZqRAlq/s-l1600.jpg,22054516445
macbook-air-m2,MacBook Air M2,Very Good - Refurbished,2020,630.95,,630.95,2026-08-03,buyItNow,Apple MacBook Air 2022 A2681 13in M2 8 Core GPU 8GB RAM 256GB SSD Very Good,https://www.ebay.com/itm/296011041891?nordt=true,https://i.ebayimg.com/images/g/vScAAeSwLlVqKv~i/s-l1600.jpg,
macbook-air-m2,MacBook Air M2,Good - Refurbished,2030,699.99,,699.99,2026-08-03,buyItNow,"Apple MacBook Air 13"" M2 8C/10C GPU 16GB 1TB Space Gray (2022) - 1 Year Warranty",https://www.ebay.com/itm/117275058638?nordt=true,https://i.ebayimg.com/images/g/S4IAAeSwI2NqQmR9/s-l1600.jpg,4054510406
macbook-air-m2,MacBook Air M2,Good - Refurbished,2030,584.99,,584.99,2026-08-03,buyItNow,"2022 Apple M2 MacBook Air 13.6"" 3.49GHz/8GB/512GB SSD - (Space Gray) w/Warranty",https://www.ebay.com/itm/147068954373?nordt=true,https://i.ebayimg.com/images/g/uAcAAeSwPjppV~Ql/s-l1600.jpg,25063264890
macbook-air-m2,MacBook Air M2,Open Box,1500,677.45,,677.45,2026-08-03,buyItNow,Apple MacBook Air 2022 A2681 13in M2 8 Core GPU 8GB RAM 256GB SSD Open Box Mint,https://www.ebay.com/itm/307079732579?nordt=true,https://i.ebayimg.com/images/g/iFMAAeSw0sdqYhdm/s-l1600.jpg,
macbook-air-m2,MacBook Air M2,Good - Refurbished,2030,501.02,,501.02,2026-08-04,buyItNow,"2022 Apple M2 MacBook Air 13.6"" 8GB/256GB SSD - (Space Gray) A2681 w/Warranty",https://www.ebay.com/itm/376851029790?nordt=true,https://i.ebayimg.com/images/g/MgMAAeSwi5dpYXMR/s-l1600.jpg,25063264890
macbook-air-m2,MacBook Air M2,Good - Refurbished,2030,669.99,,669.99,2026-08-04,buyItNow,"Apple MacBook Air A2681 2022 13"" - M2 - 16GB RAM - 512GB SSD - Good Refurbished",https://www.ebay.com/itm/226756847304?nordt=true,https://i.ebayimg.com/images/g/vrsAAOSwFuJoJ0rv/s-l1600.jpg,
ipad-10,iPad 10th Gen,Pre-Owned,3000,209.99,,209.99,2026-07-19,buyItNow,WiFi Only Apple iPad 10th Gen 64GB 18.7.2 Pink MPQ33LL/A,https://www.ebay.com/itm/227435780421?nordt=true,https://i.ebayimg.com/images/g/aT8AAeSw6JVqWqMq/s-l1600.jpg,
ipad-10,iPad 10th Gen,Pre-Owned,3000,224.99,,224.99,2026-07-27,buyItNow,WiFi Only Apple iPad 10th Gen 64GB Pink MPQ33LL/A,https://www.ebay.com/itm/198528165707?nordt=true,https://i.ebayimg.com/images/g/cccAAeSw8fBqZ20W/s-l1600.jpg,
ipad-10,iPad 10th Gen,Pre-Owned,3000,174.99,,174.99,2026-07-30,buyItNow,WiFi Only Apple iPad 10th Gen 64GB Silver MPQ03LL/A,https://www.ebay.com/itm/398232416871?nordt=true,https://i.ebayimg.com/images/g/ndsAAeSwtcBqa8YM/s-l1600.jpg,
ipad-10,iPad 10th Gen,Pre-Owned,3000,259.99,,259.99,2026-07-31,buyItNow,WiFi Only Apple iPad 10th Gen 256GB Blue NPQ93LL/A READ,https://www.ebay.com/itm/800384442242?nordt=true,https://i.ebayimg.com/images/g/7BUAAeSwxUxqX73X/s-l1600.jpg,
ipad-10,iPad 10th Gen,Pre-Owned,3000,209.99,,209.99,2026-07-31,buyItNow,WiFi Only Apple iPad 10th Gen 64GB Silver MQ6J3LL/A,https://www.ebay.com/itm/117333135392?nordt=true,https://i.ebayimg.com/images/g/s-8AAeSwYrtqbN~2/s-l1600.jpg,
ipad-10,iPad 10th Gen,Pre-Owned,3000,209.99,,209.99,2026-07-31,buyItNow,WiFi Only Apple iPad 10th Gen 64GB Pink MPQ33LL/A,https://www.ebay.com/itm/358843105576?nordt=true,https://i.ebayimg.com/images/g/z04AAeSwR-dqZPti/s-l1600.jpg,
ipad-10,iPad 10th Gen,Pre-Owned,3000,224.99,,224.99,2026-08-01,buyItNow,WiFi Only Apple iPad 10th Gen 64GB Blue MPQ13LL/A,https://www.ebay.com/itm/358862874859?nordt=true,https://i.ebayimg.com/images/g/6-MAAeSwPFVqa4sr/s-l1600.jpg,
ipad-10,iPad 10th Gen,Pre-Owned,3000,139.99,8.99,148.98,2026-08-01,buyItNow,"Apple iPad (10th Generation) A2757 64 GB, Wi-Fi + 5G, 10.9 in - Blue",https://www.ebay.com/itm/800432662551?nordt=true,https://i.ebayimg.com/images/g/vRIAAeSw1bNqa0l0/s-l1600.jpg,8072918427
ipad-10,iPad 10th Gen,Pre-Owned,3000,199.99,,199.99,2026-08-01,buyItNow,APPLE IPAD MQ6K3LL/A 10TH GENERATION (E14002579),https://www.ebay.com/itm/147430685582?nordt=true,https://i.ebayimg.com/images/g/3I0AAeSwcXdqaNMt/s-l1600.jpg,20057124756
ipad-10,iPad 10th Gen,Pre-Owned,3000,174.99,,174.99,2026-08-01,buyItNow,Apple iPad 10th Gen 64GB Blue WiFi Cellular Bent pixelated  27,https://www.ebay.com/itm/117331417183?nordt=true,https://i.ebayimg.com/images/g/al0AAeSwGs1qa657/s-l1600.jpg,
ipad-10,iPad 10th Gen,Pre-Owned,3000,235.0,,235.0,2026-08-01,buyItNow,iPad 10th Generation,https://www.ebay.com/itm/358872111112?nordt=true,https://i.ebayimg.com/images/g/jjcAAeSwRT1qbmXR/s-l1600.jpg,23075880118
ipad-10,iPad 10th Gen,Pre-Owned,3000,209.99,25.0,234.99,2026-08-01,buyItNow,APPLE IPAD 10TH GEN - A2696 (P08038095),https://www.ebay.com/itm/206451151414?nordt=true,https://i.ebayimg.com/images/g/u~8AAeSwYaxqanWs/s-l1600.jpg,
ipad-10,iPad 10th Gen,Pre-Owned,3000,219.99,,219.99,2026-08-01,buyItNow,WiFi Only Apple iPad 10th Gen 64GB 26.5.2 Blue MQ6K3LL/A,https://www.ebay.com/itm/137575195646?nordt=true,https://i.ebayimg.com/images/g/QzkAAeSwfVNqbjIS/s-l1600.jpg,
ipad-10,iPad 10th Gen,Pre-Owned,3000,209.23,,209.23,2026-08-01,auction,"Apple iPad 10th Gen 10.9"" 64GB Silver Wi-Fi + Cellular Unlocked MQ6J3LL/A",https://www.ebay.com/itm/336711394522?nordt=true,https://i.ebayimg.com/images/g/A1YAAeSw2JtqZ3NZ/s-l1600.jpg,
ipad-10,iPad 10th Gen,Pre-Owned,3000,149.99,8.99,158.98,2026-08-01,buyItNow,"Apple iPad (10th Generation) A2757 64 GB, Wi-Fi + 5G, 10.9 in - Silver",https://www.ebay.com/itm/158140178405?nordt=true,https://i.ebayimg.com/images/g/MeYAAeSwFuJqbPqw/s-l1600.jpg,6072931821
ipad-10,iPad 10th Gen,Pre-Owned,3000,250.0,8.05,258.05,2026-08-01,buyItNow,Pink Apple iPad 10th generation,https://www.ebay.com/itm/398174980819?nordt=true,https://i.ebayimg.com/images/g/0I4AAeSwkvxqRJfj/s-l1600.jpg,
ipad-10,iPad 10th Gen,Pre-Owned,3000,199.99,,199.99,2026-08-01,buyItNow,Unlocked Apple iPad 10th Gen 64GB 26.6 Silver MQ6J3LL/A BENT,https://www.ebay.com/itm/137575195649?nordt=true,https://i.ebayimg.com/images/g/FF8AAeSwYexqbjIT/s-l1600.jpg,
ipad-10,iPad 10th Gen,Pre-Owned,3000,200.0,,200.0,2026-08-01,buyItNow,"Apple iPad (10th Generation) A2696 64 GB, Wi-Fi, 10.9 in - Silver",https://www.ebay.com/itm/800444665536?nordt=true,https://i.ebayimg.com/images/g/cTgAAeSwHjVqbjpy/s-l1600.jpg,
ipad-10,iPad 10th Gen,Pre-Owned,3000,110.0,,110.0,2026-08-01,buyItNow,Apple iPad 10th Gen A2757 64 GB - Silver ( Wi-Fi + 5G ) *READ DESCRIPTION*,https://www.ebay.com/itm/206457563801?nordt=true,https://i.ebayimg.com/images/g/3a8AAeSwan9qbfUJ/s-l1600.jpg,
ipad-10,iPad 10th Gen,Pre-Owned,3000,221.0,14.65,235.65,2026-08-01,auction,"Apple iPad 10th Gen 10.9"" 64GB Silver Wi-Fi Only Tablet MQ6J3LL/A",https://www.ebay.com/itm/366573194530?nordt=true,https://i.ebayimg.com/images/g/B10AAeSwvTxqak3b/s-l1600.jpg,
ipad-10,iPad 10th Gen,Pre-Owned,3000,165.0,5.83,170.83,2026-08-02,buyItNow,"iPad 10th Generation 10.9""",https://www.ebay.com/itm/147461156465?nordt=true,https://i.ebayimg.com/images/g/gacAAeSwws5qZTMM/s-l1600.jpg,23075880118
ipad-10,iPad 10th Gen,Pre-Owned,3000,3000.0,25.16,3025.16,2026-08-02,buyItNow,(Lot of 18)Apple iPad 10th Gen 64GB Silver MQ6J3LL/A MDM,https://www.ebay.com/itm/178368774262?nordt=true,https://i.ebayimg.com/images/g/l0EAAeSwvTFqOdUD/s-l1600.jpg,11075859491
ipad-10,iPad 10th Gen,Pre-Owned,3000,189.99,,189.99,2026-08-02,buyItNow,Apple iPad 10th Gen 64GB Blue WiFi Cellular  26,https://www.ebay.com/itm/117331374119?nordt=true,https://i.ebayimg.com/images/g/oLEAAeSwZB9qa6nE/s-l1600.jpg,
ipad-10,iPad 10th Gen,Pre-Owned,3000,229.99,,229.99,2026-08-02,buyItNow,WiFi Only Apple iPad 10th Gen 64GB Silver MPQ03LL/A,https://www.ebay.com/itm/227450499202?nordt=true,https://i.ebayimg.com/images/g/xcEAAeSwPGtqZ2xi/s-l1600.jpg,
ipad-10,iPad 10th Gen,Pre-Owned,3000,179.99,,179.99,2026-08-02,buyItNow,Apple iPad 10th Gen 64GB Yellow WiFi Cellular Touch ID Not Working 24,https://www.ebay.com/itm/117331037886?nordt=true,https://i.ebayimg.com/images/g/fkkAAeSwYUhqa3l5/s-l1600.jpg,
ipad-10,iPad 10th Gen,Pre-Owned,3000,244.97,,244.97,2026-08-02,buyItNow,Apple iPad (10th Generation) A2696 64GB Good Condition | Silver | WIFI ONLY,https://www.ebay.com/itm/336688638596?nordt=true,https://i.ebayimg.com/images/g/dFwAAeSw9h1qVp5K/s-l1600.jpg,
ipad-10,iPad 10th Gen,Pre-Owned,3000,190.0,,190.0,2026-08-02,buyItNow,"Apple iPad (10th Generation) A2696 64 GB, Wi-Fi, 10.9 in - Silver #E5.76",https://www.ebay.com/itm/178357478932?nordt=true,https://i.ebayimg.com/images/g/1GIAAeSwWEBqa4lh/s-l1600.jpg,
ipad-10,iPad 10th Gen,Pre-Owned,3000,219.99,,219.99,2026-08-02,buyItNow,"Apple iPad (10th Generation) 64GB, Wi-Fi + 5G, 10.9 in - Blue ID073126D",https://www.ebay.com/itm/158147782090?nordt=true,https://i.ebayimg.com/images/g/xe8AAeSwqrFqbQo3/s-l1600.jpg,8072918427
ipad-10,iPad 10th Gen,Pre-Owned,3000,264.98,17.45,282.43,2026-08-02,buyItNow,Apple iPad 10th Generation 2023 10.9” 64GB Wi-Fi Only Bundle w/ 2 Cases,https://www.ebay.com/itm/278240644937?nordt=true,https://i.ebayimg.com/images/g/pyAAAeSwe41qb2Fg/s-l1600.jpg,10057128508
ipad-10,iPad 10th Gen,Pre-Owned,3000,210.5,6.17,216.67,2026-08-02,auction,"Superb Apple iPad (10th Generation) Bundle 64 GB, WiFi, Case+Charger+ScreenPro",https://www.ebay.com/itm/307086035302?nordt=true,https://i.ebayimg.com/images/g/vcQAAeSw2MxqZRAS/s-l1600.jpg,
ipad-10,iPad 10th Gen,Pre-Owned,3000,199.99,,199.99,2026-08-02,buyItNow,WiFi Only Apple iPad 10th Gen 64GB 26.4.1 Blue MPQ13LL/A,https://www.ebay.com/itm/407104999896?nordt=true,https://i.ebayimg.com/images/g/IvsAAeSwRo9qaUxS/s-l1600.jpg,
ipad-10,iPad 10th Gen,Pre-Owned,3000,210.75,5.93,216.68,2026-08-02,buyItNow,ipad 10th generation 64gb WiFi And Cell Please Read!!!,https://www.ebay.com/itm/147477041911?nordt=true,https://i.ebayimg.com/images/g/OMMAAeSw0-xqbopD/s-l1600.jpg,8072918427
ipad-10,iPad 10th Gen,Pre-Owned,3000,225.95,16.77,242.72,2026-08-02,buyItNow,Apple iPad 10th Gen 64GB Pink WiFi + Cellular Unlocked 91% Battery Health,https://www.ebay.com/itm/298552276772?nordt=true,https://i.ebayimg.com/images/g/HHIAAeSwGs1qbsz~/s-l1600.jpg,26057134082
ipad-10,iPad 10th Gen,Pre-Owned,3000,199.99,5.68,205.67,2026-08-02,buyItNow,"Apple iPad (10th Generation) A3162 64 GB, Wi-Fi, 10.9 in - Silver",https://www.ebay.com/itm/198542248191?nordt=true,https://i.ebayimg.com/images/g/ikkAAeSw2Jtqb2sJ/s-l1600.jpg,11075859491
ipad-10,iPad 10th Gen,Pre-Owned,3000,219.99,,219.99,2026-08-02,buyItNow,"Apple iPad (10th Generation) 64GB, Wi-Fi + 5G, 10.9 in - Blue ID073126D",https://www.ebay.com/itm/158140407184?nordt=true,https://i.ebayimg.com/images/g/xe8AAeSwqrFqbQo3/s-l1600.jpg,8072918427
ipad-10,iPad 10th Gen,Pre-Owned,3000,243.0,5.93,248.93,2026-08-02,buyItNow,iPad 10th Gen - 64 Gig - WiFi - Very Good Condition! Only Small Signs Of Use,https://www.ebay.com/itm/398240533914?nordt=true,https://i.ebayimg.com/images/g/v~kAAeSwkB5qb5Iz/s-l1600.jpg,23075880118
ipad-10,iPad 10th Gen,Pre-Owned,3000,301.0,10.0,311.0,2026-08-02,auction,"Silver iPad 10th Gen Wifi 256 gb: Working, great condition, iPadOS 26.5.2, A2696",https://www.ebay.com/itm/366573643250?nordt=true,https://i.ebayimg.com/images/g/sC4AAeSwGs1qaqO2/s-l1600.jpg,11057113164
ipad-10,iPad 10th Gen,Pre-Owned,3000,254.99,,254.99,2026-08-02,buyItNow,Apple iPad (10th Generation) A2696 64GB Good Condition | Silver | WIFI ONLY,https://www.ebay.com/itm/336711337244?nordt=true,https://i.ebayimg.com/images/g/wfAAAeSwahlqZ2zL/s-l1600.jpg,
ipad-10,iPad 10th Gen,Pre-Owned,3000,225.0,13.7,238.7,2026-08-02,buyItNow,iPad 10th Generation,https://www.ebay.com/itm/168565062012?nordt=true,https://i.ebayimg.com/images/g/xB0AAeSwY89qZjX6/s-l1600.jpg,23075880118
ipad-10,iPad 10th Gen,Pre-Owned,3000,229.99,,229.99,2026-08-02,buyItNow,WiFi Only Apple iPad 10th Gen 64GB Silver MPQ03LL/A,https://www.ebay.com/itm/307082205831?nordt=true,https://i.ebayimg.com/images/g/IvYAAeSwsFZqYrtk/s-l1600.jpg,
ipad-10,iPad 10th Gen,Pre-Owned,3000,209.99,,209.99,2026-08-02,buyItNow,WiFi Only Apple iPad 10th Gen 64GB Silver MPQ03LL/A,https://www.ebay.com/itm/267726768187?nordt=true,https://i.ebayimg.com/images/g/uCsAAeSw6wpqVToA/s-l1600.jpg,
ipad-10,iPad 10th Gen,Pre-Owned,3000,225.0,9.51,234.51,2026-08-02,buyItNow,"Apple iPad 10th Generation Wi-Fi 64GB Blue, Model MPQ13LL/A",https://www.ebay.com/itm/318665659748?nordt=true,https://i.ebayimg.com/images/g/tHwAAeSwW0Zqbotz/s-l1600.jpg,23075880118
ipad-10,iPad 10th Gen,Pre-Owned,3000,249.99,,249.99,2026-08-02,buyItNow,"Apple iPad (10th Gen Wi-Fi+ LTE A2757, 256GB)Unlocked 10.9"" Silver - Grade D",https://www.ebay.com/itm/227413609895?nordt=true,https://i.ebayimg.com/images/g/4MIAAeSw6AZqRqGm/s-l1600.jpg,
ipad-10,iPad 10th Gen,Pre-Owned,3000,325.0,,325.0,2026-08-02,buyItNow,Apple iPad 10th Gen 10.9in 256GB Wi‑Fi + 5G Unlocked Blue MQ6U3LL/A,https://www.ebay.com/itm/398236360739?nordt=true,https://i.ebayimg.com/images/g/BBUAAeSw7RNqbTq-/s-l1600.jpg,4058992988
ipad-10,iPad 10th Gen,Pre-Owned,3000,265.99,,265.99,2026-08-02,buyItNow,"Apple iPad 10th Gen 10.9"" Wi-Fi 64GB Silver - 92% Batt - Great Used Cond - READ",https://www.ebay.com/itm/336717091232?nordt=true,https://i.ebayimg.com/images/g/leQAAeSw2~5qa5DO/s-l1600.jpg,
ipad-10,iPad 10th Gen,Pre-Owned,3000,229.99,,229.99,2026-08-03,buyItNow,WiFi Only Apple iPad 10th Gen 64GB Silver MPQ03LL/A,https://www.ebay.com/itm/800384442245?nordt=true,https://i.ebayimg.com/images/g/DL0AAeSwQBhqX73a/s-l1600.jpg,
ipad-10,iPad 10th Gen,Pre-Owned,3000,224.99,,224.99,2026-08-03,buyItNow,WiFi Only Apple iPad 10th Gen 64GB Pink MPQ33HC/A,https://www.ebay.com/itm/398246255861?nordt=true,https://i.ebayimg.com/images/g/R3gAAeSw8fBqcPkS/s-l1600.jpg,
ipad-10,iPad 10th Gen,Pre-Owned,3000,244.99,,244.99,2026-08-03,buyItNow,Factory Unlocked Apple iPad 10th Gen 64GB Blue NQ6K3LL/A,https://www.ebay.com/itm/188718272082?nordt=true,https://i.ebayimg.com/images/g/-F0AAeSwogFqa6JS/s-l1600.jpg,
ipad-10,iPad 10th Gen,Pre-Owned,3000,1000.0,13.5,1013.5,2026-08-03,buyItNow,(Lot of 5)Apple iPad 10th Gen 64GB Silver MQ6J3LL/A MDM,https://www.ebay.com/itm/178372302686?nordt=true,https://i.ebayimg.com/images/g/l0EAAeSwvTFqOdUD/s-l1600.jpg,11075859491
ipad-10,iPad 10th Gen,Pre-Owned,3000,224.99,,224.99,2026-08-03,buyItNow,WiFi Only Apple iPad 10th Gen 64GB Blue MPQ13LL/A,https://www.ebay.com/itm/800313985125?nordt=true,https://i.ebayimg.com/images/g/3hkAAeSwfE5qT4EZ/s-l1600.jpg,
ipad-10,iPad 10th Gen,Pre-Owned,3000,239.99,,239.99,2026-08-03,buyItNow,"EXCELLENT APPLE IPAD 10TH GEN 64GB WIFI CELLULAR VERIZON A2757 BLUE 10.9""",https://www.ebay.com/itm/158136071820?nordt=true,https://i.ebayimg.com/images/g/IkUAAeSwdRNp-Bpl/s-l1600.jpg,
ipad-10,iPad 10th Gen,Pre-Owned,3000,207.0,20.0,227.0,2026-08-03,buyItNow,APPLE IPAD - A2757 10TH GEN (P34008779),https://www.ebay.com/itm/318634811406?nordt=true,https://i.ebayimg.com/images/g/1gMAAeSw1vZqZwF0/s-l1600.jpg,
ipad-10,iPad 10th Gen,Pre-Owned,3000,204.99,,204.99,2026-08-03,buyItNow,Apple iPad 10 2022 (10th Gen) Unlocked (WiFi + 5G Cellular) LCD Shadow,https://www.ebay.com/itm/227384737128?nordt=true,https://i.ebayimg.com/images/g/s~oAAOSwCJVk7RY8/s-l1600.jpg,
ipad-10,iPad 10th Gen,Pre-Owned,3000,264.99,,264.99,2026-08-03,buyItNow,Factory Unlocked Apple iPad 10th Gen 64GB Blue MQ6K3LL/A,https://www.ebay.com/itm/158151198818?nordt=true,https://i.ebayimg.com/images/g/v1gAAeSw2VhqcRbZ/s-l1600.jpg,
ipad-10,iPad 10th Gen,Pre-Owned,3000,219.99,,219.99,2026-08-03,buyItNow,WiFi Only Apple iPad 10th Gen 64GB Silver MQ6J3LL/A,https://www.ebay.com/itm/128009210818?nordt=true,https://i.ebayimg.com/images/g/KfQAAeSwrhBqcP5Y/s-l1600.jpg,
ipad-10,iPad 10th Gen,Pre-Owned,3000,209.85,,209.85,2026-08-03,buyItNow,"Apple iPad (10th Generation) 64GB, Wi-Fi, 10.9 in - Blue - FAIR",https://www.ebay.com/itm/205453440589?nordt=true,https://i.ebayimg.com/images/g/q9gAAOSwVZRkSwyQ/s-l1600.jpg,
ipad-10,iPad 10th Gen,Pre-Owned,3000,240.0,6.07,246.07,2026-08-03,buyItNow,Apple IPad 10th Generation 64GB WiFi & Cellular Excellent Condtition,https://www.ebay.com/itm/267743952387?nordt=true,https://i.ebayimg.com/images/g/kpAAAeSwTy5qbLde/s-l1600.jpg,26057134082
ipad-10,iPad 10th Gen,Pre-Owned,3000,224.99,,224.99,2026-08-03,buyItNow,WiFi Only Apple iPad 10th Gen 64GB 26.5 Blue MQ6K3LL/A,https://www.ebay.com/itm/366556744805?nordt=true,https://i.ebayimg.com/images/g/HnQAAeSwtPhqX7NM/s-l1600.jpg,
ipad-10,iPad 10th Gen,Pre-Owned,3000,219.99,,219.99,2026-08-03,buyItNow,WiFi Only Apple iPad 10th Gen 64GB Pink MPQ33LL/A,https://www.ebay.com/itm/128009034647?nordt=true,https://i.ebayimg.com/images/g/b5oAAeSwgxZqcNi0/s-l1600.jpg,
ipad-10,iPad 10th Gen,Pre-Owned,3000,260.0,6.07,266.07,2026-08-03,buyItNow,Pre-owned Apple iPad (10th Generation) 64GB + Apple USB-C Pencil Bundle Set,https://www.ebay.com/itm/318522338894?nordt=true,https://i.ebayimg.com/images/g/rAIAAeSwGgZqQywZ/s-l1600.jpg,
ipad-10,iPad 10th Gen,Pre-Owned,3000,285.0,,285.0,2026-08-03,buyItNow,Apple iPad 10th Gen [A2757] 10.9-inch (2022) Wi-Fi + GSM Unlocked - USED,https://www.ebay.com/itm/257652958623?nordt=true,https://i.ebayimg.com/images/g/NtoAAeSwh~xqa9vS/s-l1600.jpg,
ipad-10,iPad 10th Gen,Pre-Owned,3000,269.99,,269.99,2026-08-03,buyItNow,Apple iPad 10th Generation 256GB Wi-Fi + 5G Unlocked 10.9 in - Blue - BUNDLE,https://www.ebay.com/itm/128009034358?nordt=true,https://i.ebayimg.com/images/g/hoUAAeSwraVqUPZq/s-l1600.jpg,22057126234
ipad-10,iPad 10th Gen,Pre-Owned,3000,179.95,11.95,191.9,2026-08-03,auction,"Apple iPad (10th Generation) A2777 64 GB, Wi-Fi + Pencil + Case + Charger Bundle",https://www.ebay.com/itm/327293917039?nordt=true,https://i.ebayimg.com/images/g/XowAAeSwrndqcOTg/s-l1600.jpg,
ipad-10,iPad 10th Gen,Pre-Owned,3000,229.0,6.07,235.07,2026-08-03,buyItNow,"Apple iPad 10th Gen 64GB Wi-Fi 10.9"" Blue A2696 Excellent Condition - L0Q0",https://www.ebay.com/itm/257659451324?nordt=true,https://i.ebayimg.com/images/g/qtoAAeSwkN9qcO5B/s-l1600.jpg,
ipad-10,iPad 10th Gen,Pre-Owned,3000,209.85,,209.85,2026-08-03,buyItNow,"Apple iPad 10th Gen 10.9"" (2022) 64GB Wi-Fi – Fair – Bundle – All Colors",https://www.ebay.com/itm/186684552253?nordt=true,https://i.ebayimg.com/images/g/7x4AAOSwtPpm5Iri/s-l1600.jpg,
ipad-10,iPad 10th Gen,Pre-Owned,3000,270.0,6.07,276.07,2026-08-03,buyItNow,"Apple iPad 10th Generation - 10.9"" - WiFi Model - Silver 64GB - Good Condition",https://www.ebay.com/itm/188734120569?nordt=true,https://i.ebayimg.com/images/g/IkIAAeSwgUdqb9Vj/s-l1600.jpg,
ipad-10,iPad 10th Gen,Pre-Owned,3000,280.0,12.65,292.65,2026-08-03,buyItNow,"Silver iPad 10th Gen Wifi 256 gb: Working, great condition, iPadOS 26.5.2, A2696",https://www.ebay.com/itm/407115827213?nordt=true,https://i.ebayimg.com/images/g/ab8AAeSw2~5qcAel/s-l1600.jpg,11057113164
ipad-10,iPad 10th Gen,Pre-Owned,3000,209.99,,209.99,2026-08-03,buyItNow,WiFi Only Apple iPad 10th Gen 64GB Silver MPQ03LL/A,https://www.ebay.com/itm/398246257696?nordt=true,https://i.ebayimg.com/images/g/thoAAeSwN-lqcPmE/s-l1600.jpg,
ipad-10,iPad 10th Gen,Pre-Owned,3000,249.99,,249.99,2026-08-03,buyItNow,Apple iPad 10th Gen 256GB WIFI + cellular Silver  33,https://www.ebay.com/itm/117338538882?nordt=true,https://i.ebayimg.com/images/g/qkwAAeSwYJFqcL2G/s-l1600.jpg,
ipad-10,iPad 10th Gen,Pre-Owned,3000,194.99,,194.99,2026-08-03,buyItNow,Apple iPad 10th Gen 64GB Blue WiFi 32,https://www.ebay.com/itm/117338511142?nordt=true,https://i.ebayimg.com/images/g/QjQAAeSwzM5qcLjo/s-l1600.jpg,
ipad-10,iPad 10th Gen,Pre-Owned,3000,225.0,17.92,242.92,2026-08-03,buyItNow,"Apple iPad 10th Gen 10.9"" Wi‑Fi 64GB Blue Tablet MPQ13LL/A",https://www.ebay.com/itm/407084568094?nordt=true,https://i.ebayimg.com/images/g/6QQAAeSwQ2tqQsl0/s-l1600.jpg,
ipad-10,iPad 10th Gen,Pre-Owned,3000,215.0,8.05,223.05,2026-08-03,buyItNow,"Apple iPad (10th Generation) 64 GB, Verizon unlocked Wi-Fi + 5G, 10.9 in - Blue",https://www.ebay.com/itm/336715610085?nordt=true,https://i.ebayimg.com/images/g/jtMAAeSw9ZVqambi/s-l1600.jpg,8072918427
ipad-10,iPad 10th Gen,Pre-Owned,3000,219.99,,219.99,2026-08-03,buyItNow,WiFi Only Apple iPad 10th Gen 64GB Blue MPQ13LL/A,https://www.ebay.com/itm/206463230828?nordt=true,https://i.ebayimg.com/images/g/cE8AAeSwYttqXmLW/s-l1600.jpg,
ipad-10,iPad 10th Gen,Pre-Owned,3000,214.99,,214.99,2026-08-03,buyItNow,WiFi Only Apple iPad 10th Gen 64GB 26.5.2 Silver MPQ03LL/A,https://www.ebay.com/itm/198544814778?nordt=true,https://i.ebayimg.com/images/g/XKAAAeSwNRxqcOVo/s-l1600.jpg,
ipad-10,iPad 10th Gen,Pre-Owned,3000,205.0,5.68,210.68,2026-08-03,buyItNow,"Apple iPad (10th Generation) A3162 64 GB, Wi-Fi, 10.9 in - Silver",https://www.ebay.com/itm/128009053554?nordt=true,https://i.ebayimg.com/images/g/MJsAAeSwaTJqcNs4/s-l1600.jpg,11075859491
ipad-10,iPad 10th Gen,Pre-Owned,3000,199.99,,199.99,2026-08-03,buyItNow,WiFi Only Apple iPad 10th Gen 64GB Blue MPQ13LL/A,https://www.ebay.com/itm/128009089390?nordt=true,https://i.ebayimg.com/images/g/3wkAAeSwYelqcOLb/s-l1600.jpg,
ipad-10,iPad 10th Gen,Pre-Owned,3000,209.0,,209.0,2026-08-03,buyItNow,Apple iPad 10th Gen 64GB Silver Wi-Fi MPQ03LL/A,https://www.ebay.com/itm/125827242782?nordt=true,https://i.ebayimg.com/images/g/1fAAAeSw65BqY5OB/s-l1600.jpg,
ipad-10,iPad 10th Gen,Pre-Owned,3000,171.0,,171.0,2026-08-03,buyItNow,Apple iPad 10th Gen 64GB Silver Wi-Fi 3L203LL/A,https://www.ebay.com/itm/134538404487?nordt=true,https://i.ebayimg.com/images/g/6qIAAeSwTklpH1FW/s-l1600.jpg,
ipad-10,iPad 10th Gen,Pre-Owned,3000,179.99,,179.99,2026-08-03,buyItNow,Apple iPad 10th Gen 64GB Blue WiFi 34,https://www.ebay.com/itm/117338562008?nordt=true,https://i.ebayimg.com/images/g/UBoAAeSw7dlqcMAW/s-l1600.jpg,
ipad-10,iPad 10th Gen,Pre-Owned,3000,255.0,,255.0,2026-08-03,buyItNow,Unlocked Apple iPad 10th Gen 64GB Blue - WiFi & Cellular - MQ6K3LL/A,https://www.ebay.com/itm/377379137547?nordt=true,https://i.ebayimg.com/images/g/o-4AAeSwwvJqahIq/s-l1600.jpg,
ipad-10,iPad 10th Gen,Pre-Owned,3000,190.0,,190.0,2026-08-03,buyItNow,"Apple iPad (10th Generation) A2696 64 GB, Wi-Fi, 10.9 in - Silver #E5.77",https://www.ebay.com/itm/178370104287?nordt=true,https://i.ebayimg.com/images/g/dvUAAeSw2Adqa4pT/s-l1600.jpg,
ipad-10,iPad 10th Gen,Pre-Owned,3000,191.24,,191.24,2026-08-03,buyItNow,"Apple iPad 10.9"" 10th Gen Wi-Fi 256GB Silver MPQ83LL/A A2696 81% BH - READ",https://www.ebay.com/itm/358872448902?nordt=true,https://i.ebayimg.com/images/g/2NIAAeSwEFNqboG7/s-l1600.jpg,
ipad-10,iPad 10th Gen,Pre-Owned,3000,249.99,,249.99,2026-08-03,buyItNow,Apple iPad (10th Generation) A2696 64GB Good Condition | Silver | WIFI ONLY,https://www.ebay.com/itm/336715282347?nordt=true,https://i.ebayimg.com/images/g/98EAAeSwdhFqaiQ~/s-l1600.jpg,
ipad-10,iPad 10th Gen,Pre-Owned,3000,220.0,17.92,237.92,2026-08-03,buyItNow,WiFi Only Apple iPad 10th Gen 64GB Silver MPQ03LL/A,https://www.ebay.com/itm/407068939672?nordt=true,https://i.ebayimg.com/images/g/2JkAAeSwaPdqQwm-/s-l1600.jpg,
ipad-10,iPad 10th Gen,Pre-Owned,3000,190.0,,190.0,2026-08-03,buyItNow,"Apple iPad (10th Generation) A2696 64 GB, Wi-Fi, 10.9 in - Silver #E5.78",https://www.ebay.com/itm/178357493507?nordt=true,https://i.ebayimg.com/images/g/xXAAAeSwgPtqa4sp/s-l1600.jpg,
ipad-10,iPad 10th Gen,Pre-Owned,3000,214.99,,214.99,2026-08-03,buyItNow,WiFi Only Apple iPad 10th Gen 64GB Silver MPQ03LL/A,https://www.ebay.com/itm/178328754179?nordt=true,https://i.ebayimg.com/images/g/qdoAAeSwan9qXmNf/s-l1600.jpg,
ipad-10,iPad 10th Gen,Pre-Owned,3000,275.0,20.0,295.0,2026-08-03,buyItNow,Apple iPad 10th Gen 10.9in 256GB with protective case bundle /see pictures,https://www.ebay.com/itm/327292320866?nordt=true,https://i.ebayimg.com/images/g/hkoAAeSwDB5qb7sA/s-l1600.jpg,25057112556
ipad-10,iPad 10th Gen,Pre-Owned,3000,300.0,5.68,305.68,2026-08-04,buyItNow,Apple iPad 10th Generation MPQ33LL/A 64GB Pink Wi-Fi,https://www.ebay.com/itm/407107014769?nordt=true,https://i.ebayimg.com/images/g/McoAAeSwgxZqan2e/s-l1600.jpg,20057124756
ipad-10,iPad 10th Gen,Pre-Owned,3000,202.5,8.05,210.55,2026-08-04,auction,Unlocked Apple iPad 10th Gen 64GB Silver MQ6J3LL/A,https://www.ebay.com/itm/287490115726?nordt=true,https://i.ebayimg.com/images/g/WPQAAeSwjYdqWsQC/s-l1600.jpg,
ipad-10,iPad 10th Gen,Pre-Owned,3000,210.0,8.05,218.05,2026-08-04,buyItNow,WiFi Only Apple iPad 10th Gen 64GB Yellow,https://www.ebay.com/itm/178374959054?nordt=true,https://i.ebayimg.com/images/g/SssAAeSwfE5qcny6/s-l1600.jpg,
ipad-10,iPad 10th Gen,Pre-Owned,3000,184.99,,184.99,2026-08-04,buyItNow,Apple iPad 10th Gen 64GB Blue WiFi Cellular  28,https://www.ebay.com/itm/117331453789?nordt=true,https://i.ebayimg.com/images/g/qbYAAeSwvTxqa7Qw/s-l1600.jpg,
ipad-10,iPad 10th Gen,Pre-Owned,3000,210.0,,210.0,2026-08-04,buyItNow,Apple iPad 10th Gen A2696 (2022) 64GB WiFi Silver,https://www.ebay.com/itm/366586523134?nordt=true,https://i.ebayimg.com/images/g/dJ8AAeSwt4FqclQp/s-l1600.jpg,
ipad-10,iPad 10th Gen,Pre-Owned,3000,189.0,12.0,201.0,2026-08-04,buyItNow,"Apple iPad (10th Generation) 64 GB , Wi-Fi , 10.9 in , Silver , Bundle ……",https://www.ebay.com/itm/168589048412?nordt=true,https://i.ebayimg.com/images/g/bw0AAeSwlcJqck5L/s-l1600.jpg,
ipad-10,iPad 10th Gen,Pre-Owned,3000,85.0,5.99,90.99,2026-08-04,auction,iPad 10th Generation,https://www.ebay.com/itm/168589169019?nordt=true,https://i.ebayimg.com/images/g/7VUAAeSwGjJqcmQf/s-l1600.jpg,4042626091
ipad-10,iPad 10th Gen,Pre-Owned,3000,190.0,,190.0,2026-08-04,buyItNow,"Apple iPad (10th Generation) A2696 64 GB, Wi-Fi, 10.9 in - Silver #E4.178",https://www.ebay.com/itm/178310817283?nordt=true,https://i.ebayimg.com/images/g/oD8AAeSw-jdqVoQN/s-l1600.jpg,
ipad-10,iPad 10th Gen,Pre-Owned,3000,250.0,,250.0,2026-08-04,buyItNow,"iPad 10th Generation 10.9"" With Apple Pencil Generation 2",https://www.ebay.com/itm/318678358966?nordt=true,https://i.ebayimg.com/images/g/dUMAAeSw6Z5qckfK/s-l1600.jpg,11075859491
ipad-10,iPad 10th Gen,Pre-Owned,3000,190.0,,190.0,2026-08-04,buyItNow,"Apple iPad (10th Generation) A2696 64 GB, Wi-Fi, 10.9 in - Silver #E5.93",https://www.ebay.com/itm/178374404413?nordt=true,https://i.ebayimg.com/images/g/Es8AAeSwB-dqckN7/s-l1600.jpg,
ipad-10,iPad 10th Gen,Pre-Owned,3000,197.5,5.93,203.43,2026-08-04,auction,"Apple iPad (10th Generation) A2757 64GB, Wi-Fi + Cellular Blue Grade B",https://www.ebay.com/itm/407104640924?nordt=true,https://i.ebayimg.com/images/g/EK4AAeSwTy5qaQws/s-l1600.jpg,
ipad-10,iPad 10th Gen,Pre-Owned,3000,190.0,8.05,198.05,2026-08-04,buyItNow,"Apple iPad (10th Generation) A2696 64 GB, Wi-Fi, 10.9 in - Silver",https://www.ebay.com/itm/407119960635?nordt=true,https://i.ebayimg.com/images/g/iZwAAeSwAQ9qcgSQ/s-l1600.jpg,11075859491
ipad-10,iPad 10th Gen,Pre-Owned,3000,205.0,,205.0,2026-08-04,buyItNow,"Apple iPad (10th Generation) A3162 64 GB, Wi-Fi, 10.9 in - Blue",https://www.ebay.com/itm/398249774578?nordt=true,https://i.ebayimg.com/images/g/lxYAAeSw75ZqciaX/s-l1600.jpg,23075880118
ipad-10,iPad 10th Gen,Pre-Owned,3000,219.0,,219.0,2026-08-04,buyItNow,"Apple iPad 10th Gen A2757 64GB Silver 10.9"" Unlocked Clean IMEI: Good",https://www.ebay.com/itm/267746517908?nordt=true,https://i.ebayimg.com/images/g/JL8AAeSw~gZqcNes/s-l1600.jpg,
ipad-10,iPad 10th Gen,Pre-Owned,3000,226.5,6.07,232.57,2026-08-04,auction,"iPad 10th Gen 10.9"" Wi‑Fi 64GB Silver Tablet MPQ03LL/A With Logitech Case Bundle",https://www.ebay.com/itm/278225552626?nordt=true,https://i.ebayimg.com/images/g/BzIAAeSwUXxqaOCC/s-l1600.jpg,
ipad-10,iPad 10th Gen,Pre-Owned,3000,224.99,,224.99,2026-08-04,buyItNow,WiFi Only Apple iPad 10th Gen 64GB 26.2 Pink FPQ33LL/A,https://www.ebay.com/itm/358850631729?nordt=true,https://i.ebayimg.com/images/g/7-EAAeSwzOhqZ5F8/s-l1600.jpg,
ipad-10,iPad 10th Gen,Pre-Owned,3000,209.0,,209.0,2026-08-04,buyItNow,"Apple iPad 10th Gen A2757 64GB Silver 10.9"" Unlocked Clean IMEI: Fair",https://www.ebay.com/itm/257660074919?nordt=true,https://i.ebayimg.com/images/g/Y80AAeSwydZqcVvg/s-l1600.jpg,
ipad-10,iPad 10th Gen,Pre-Owned,3000,213.5,,213.5,2026-08-04,auction,"Apple iPad 10th Gen A2757 64GB Wi-Fi + Cell 10.9"" LED Retina A14 1080p Blue",https://www.ebay.com/itm/127998719633?nordt=true,https://i.ebayimg.com/images/g/EcgAAeSwkPFqRsMa/s-l1600.jpg,
ipad-10,iPad 10th Gen,Pre-Owned,3000,180.0,,180.0,2026-08-04,buyItNow,"Apple iPad (10th Generation) A2696 64 GB, Wi-Fi, 10.9 in - Silver #E4.113",https://www.ebay.com/itm/178370582272?nordt=true,https://i.ebayimg.com/images/g/YAAAAeSwsvBqKsaq/s-l1600.jpg,
ipad-10,iPad 10th Gen,Pre-Owned,3000,224.99,,224.99,2026-08-04,buyItNow,WiFi Only Apple iPad 10th Gen 64GB Yellow MQ6L3LL/A,https://www.ebay.com/itm/178367501882?nordt=true,https://i.ebayimg.com/images/g/h8MAAeSwP19qb40U/s-l1600.jpg,
ipad-10,iPad 10th Gen,Pre-Owned,3000,313.49,,313.49,2026-08-04,buyItNow,"Apple iPad 10th Generation - 10.9"" - WiFi Model - Silver 64GB - Great Condition",https://www.ebay.com/itm/327042065009?nordt=true,https://i.ebayimg.com/images/g/Wl0AAeSwwNlpsuAF/s-l1600.jpg,
ipad-10,iPad 10th Gen,Pre-Owned,3000,175.0,5.99,180.99,2026-08-04,buyItNow,Apple iPad 10th Gen,https://www.ebay.com/itm/227461735418?nordt=true,https://i.ebayimg.com/images/g/iCcAAeSwAzZqcd61/s-l1600.jpg,22057126248
ipad-10,iPad 10th Gen,Parts Only,7000,139.99,,139.99,2026-07-22,buyItNow,Broken Unlocked Apple iPad 10th Gen 64GB 26.6 MQ6K3LL/A READ,https://www.ebay.com/itm/227442544878?nordt=true,https://i.ebayimg.com/images/g/rnMAAeSwJM5qYNmE/s-l1600.jpg,12057115261
ipad-10,iPad 10th Gen,Parts Only,7000,129.99,,129.99,2026-07-30,buyItNow,Broken WiFi Only Apple iPad 10th Gen 64GB 26.3.1 MPQ23LL/A Read,https://www.ebay.com/itm/318652903616?nordt=true,https://i.ebayimg.com/images/g/WfMAAeSwDF1qaoVc/s-l1600.jpg,
ipad-10,iPad 10th Gen,Parts Only,7000,149.99,,149.99,2026-08-01,buyItNow,Broken WiFi Only Apple iPad 10th Gen 64GB 26.5 MPQ13LL/A Cracked,https://www.ebay.com/itm/800418230693?nordt=true,https://i.ebayimg.com/images/g/nbUAAeSwraVqZ8Vk/s-l1600.jpg,
ipad-10,iPad 10th Gen,Parts Only,7000,109.95,,109.95,2026-08-01,buyItNow,Apple iPad 10th Gen 64GB Blue WiFi + Cellular Unlocked Damaged LCD Screen #H431,https://www.ebay.com/itm/327283594713?nordt=true,https://i.ebayimg.com/images/g/n1IAAeSwSltpuc-6/s-l1600.jpg,
ipad-10,iPad 10th Gen,Parts Only,7000,139.99,13.35,153.34,2026-08-01,buyItNow,Apple iPad 10th Gen 64GB Pink - WiFi Only - Cracked #KYF,https://www.ebay.com/itm/336718738982?nordt=true,https://i.ebayimg.com/images/g/g1sAAeSwNRxqbQcf/s-l1600.jpg,
ipad-10,iPad 10th Gen,Parts Only,7000,110.0,9.0,119.0,2026-08-01,buyItNow,"Apple iPad 10th Gen 64GB, Wi-Fi + Cellular, 10.9 in-PINK - Bad LCD READ DETAILS",https://www.ebay.com/itm/227456947362?nordt=true,https://i.ebayimg.com/images/g/j-EAAeSwoi5qbTer/s-l1600.jpg,
ipad-10,iPad 10th Gen,Parts Only,7000,168.99,,168.99,2026-08-01,buyItNow,Broken WiFi Only Apple iPad 10th Gen 64GB Blue MPQ13LL/A Read,https://www.ebay.com/itm/398068153793?nordt=true,https://i.ebayimg.com/images/g/-WMAAeSw5oRqMC8w/s-l1600.jpg,
ipad-10,iPad 10th Gen,Parts Only,7000,148.0,,148.0,2026-08-01,buyItNow,apple ipad 10th gen a2696,https://www.ebay.com/itm/398238810306?nordt=true,https://i.ebayimg.com/images/g/l2MAAeSwU7hqbiaO/s-l1600.jpg,4042626091
ipad-10,iPad 10th Gen,Parts Only,7000,155.0,,155.0,2026-08-02,buyItNow,Apple iPad (10th Gen) A2696 64GB Wi‑Fi Only Tablet - Pink,https://www.ebay.com/itm/407113385575?nordt=true,https://i.ebayimg.com/images/g/yeIAAeSwGjJqbmxK/s-l1600.jpg,
ipad-10,iPad 10th Gen,Parts Only,7000,35.0,,35.0,2026-08-02,auction,"Apple iPad 10.9'' 10th Gen MPQ03LL/A , A2696, 64GB - Silver (Wi-Fi) *READ*",https://www.ebay.com/itm/257647904077?nordt=true,https://i.ebayimg.com/images/g/2ssAAeSwqmpqaR71/s-l1600.jpg,
ipad-10,iPad 10th Gen,Parts Only,7000,107.5,6.88,114.38,2026-08-02,auction,Apple iPad 10th Gen 10.2in Tablet For Parts/DOES NOT CHARGE/ box bundle,https://www.ebay.com/itm/267740039310?nordt=true,https://i.ebayimg.com/images/g/W-oAAeSwzOhqZqAm/s-l1600.jpg,
ipad-10,iPad 10th Gen,Parts Only,7000,70.0,,70.0,2026-08-02,buyItNow,Apple iPad 10th Gen A2757 64 GB - Blue ( Wi-Fi + 5G ) *READ DESCRIPTION*,https://www.ebay.com/itm/206457543902?nordt=true,https://i.ebayimg.com/images/g/angAAeSwLDFqbfJs/s-l1600.jpg,
ipad-10,iPad 10th Gen,Parts Only,7000,115.5,,115.5,2026-08-02,auction,iPad 10th Gen 64GB - Wi-Fi - Blue - ***Cracked Screen***,https://www.ebay.com/itm/206448237131?nordt=true,https://i.ebayimg.com/images/g/xGEAAeSwmaVqaM6R/s-l1600.jpg,23075880118
ipad-10,iPad 10th Gen,Parts Only,7000,89.99,,89.99,2026-08-02,buyItNow,Apple iPad 10th Gen A2696 64GB Wi-Fi Read Description,https://www.ebay.com/itm/366557163703?nordt=true,https://i.ebayimg.com/images/g/1qQAAeSwogFqX~NU/s-l1600.jpg,
ipad-10,iPad 10th Gen,Parts Only,7000,99.99,,99.99,2026-08-02,buyItNow,"Apple iPad 10th Gen. (MQ6K3LL/A) 10.9"", 64 GB, Wi-Fi, Blue Tablet AS IS",https://www.ebay.com/itm/327287248264?nordt=true,https://i.ebayimg.com/images/g/Ut4AAeSwzOhqa49B/s-l1600.jpg,
ipad-10,iPad 10th Gen,Parts Only,7000,186.99,,186.99,2026-08-03,buyItNow,Broken Unlocked Apple iPad 10th Gen 64GB 26.5.2 Blue MQ6K3LL/A READ,https://www.ebay.com/itm/198495808176?nordt=true,https://i.ebayimg.com/images/g/Qg0AAeSw5V9qVVsD/s-l1600.jpg,18060952955
ipad-10,iPad 10th Gen,Parts Only,7000,150.0,,150.0,2026-08-03,buyItNow,"Apple iPad 10th Gen 10.9"" 64GB WIFI + Cellular Unlocked PINK - CRACKED SCREEN",https://www.ebay.com/itm/158132186750?nordt=true,https://i.ebayimg.com/images/g/7-cAAeSwstBqaj1u/s-l1600.jpg,
ipad-10,iPad 10th Gen,Parts Only,7000,91.0,6.07,97.07,2026-08-03,auction,ipad 10th generation,https://www.ebay.com/itm/398221231116?nordt=true,https://i.ebayimg.com/images/g/B3EAAeSwQ7dqWrN~/s-l1600.jpg,9075864854
ipad-10,iPad 10th Gen,Parts Only,7000,159.99,,159.99,2026-08-03,buyItNow,Apple iPad 10th Gen 64GB Unlocked WiFi Cellular Cracked Screen Fully Functional,https://www.ebay.com/itm/178370411338?nordt=true,https://i.ebayimg.com/images/g/Ft0AAeSwGs1qcK8P/s-l1600.jpg,
ipad-10,iPad 10th Gen,Parts Only,7000,159.99,,159.99,2026-08-03,buyItNow,"WiFi Only Apple iPad 10th Gen, PINK, 64GB, MPQ33LL/A **CRACKED** WORKS!",https://www.ebay.com/itm/257655992046?nordt=true,https://i.ebayimg.com/images/g/Eb8AAeSwek1qKY19/s-l1600.jpg,
ipad-10,iPad 10th Gen,Parts Only,7000,149.99,,149.99,2026-08-03,buyItNow,"Apple iPad 10th Gen 10.9"" 64GB WIFI + Cellular Unlocked  --BENT HOUSING-- As-Is",https://www.ebay.com/itm/147470547015?nordt=true,https://i.ebayimg.com/images/g/EZIAAeSwmOtqaoto/s-l1600.jpg,
ipad-10,iPad 10th Gen,Parts Only,7000,129.99,,129.99,2026-08-03,buyItNow,Broken WiFi Only Apple iPad 10th Gen 64GB *READ*,https://www.ebay.com/itm/168578419562?nordt=true,https://i.ebayimg.com/images/g/PfoAAeSwR-dqbPSh/s-l1600.jpg,
ipad-10,iPad 10th Gen,Parts Only,7000,169.99,,169.99,2026-08-03,buyItNow,"Apple iPad (10th Gen) A2777 64GB, Wi-Fi+5G (Unlocked), 10.9"" - Blue *CRACKED*",https://www.ebay.com/itm/178361602624?nordt=true,https://i.ebayimg.com/images/g/ew8AAeSwN-lqbRu8/s-l1600.jpg,
ipad-10,iPad 10th Gen,Parts Only,7000,123.46,45.5,168.96,2026-08-03,auction,Apple iPad 10th Gen 10.9in 64GB Blue Wi‑Fi Tablet USB‑C (MPQ13X/A) Parts Only,https://www.ebay.com/itm/206429602837?nordt=true,https://i.ebayimg.com/images/g/AMkAAeSwhEBqXuf3/s-l1600.jpg,11057113124
ipad-10,iPad 10th Gen,Parts Only,7000,129.99,,129.99,2026-08-03,buyItNow,Unlocked Apple iPad 10th Gen A2696 - WIFI - 64GB GREY - Cracked Screen - ETCHED,https://www.ebay.com/itm/407115219695?nordt=true,https://i.ebayimg.com/images/g/PyAAAeSwP19qX1tS/s-l1600.jpg,
ipad-10,iPad 10th Gen,Parts Only,7000,120.0,,120.0,2026-08-04,buyItNow,Apple iPad 10th gen,https://www.ebay.com/itm/366576440154?nordt=true,https://i.ebayimg.com/images/g/2I4AAeSwjF1qY69D/s-l1600.jpg,
ipad-10,iPad 10th Gen,Brand New,1000,324.99,,324.99,2026-07-31,buyItNow,New WiFi Only Apple iPad 10th Gen 64GB Silver MPQ03LL/A,https://www.ebay.com/itm/147465583373?nordt=true,https://i.ebayimg.com/images/g/LH4AAeSwtxVqZ~hS/s-l1600.jpg,
ipad-10,iPad 10th Gen,Very Good - Refurbished,2020,285.0,,285.0,2026-08-01,buyItNow,"Apple iPad 10th Generation 10.9"" | 64GB Wi‑Fi | A2696 | Very Good  1 yr warranty",https://www.ebay.com/itm/287483966160?nordt=true,https://i.ebayimg.com/images/g/TBMAAeSwMm1qZQl5/s-l1600.jpg,
ipad-10,iPad 10th Gen,Brand New,1000,284.0,5.68,289.68,2026-08-01,buyItNow,"Apple iPad (10th Generation) A3162 64 GB, Wi-Fi, 10.9 in - Silver",https://www.ebay.com/itm/800440792938?nordt=true,https://i.ebayimg.com/images/g/kN0AAeSw6Ppqa9Y2/s-l1600.jpg,11075859491
ipad-10,iPad 10th Gen,Brand New,1000,305.0,15.0,320.0,2026-08-01,auction,apple ipad 10th generation 256gb wifi cellular.,https://www.ebay.com/itm/336712163612?nordt=true,https://i.ebayimg.com/images/g/V8sAAeSwIX5qZ9tt/s-l1600.jpg,27072920737
ipad-10,iPad 10th Gen,Open Box,1500,235.0,5.99,240.99,2026-08-01,buyItNow,"Apple iPad (10th Generation) A2696 64 GB, Wi-Fi",https://www.ebay.com/itm/398238836957?nordt=true,https://i.ebayimg.com/images/g/svgAAeSw24RqbixJ/s-l1600.jpg,25057112556
ipad-10,iPad 10th Gen,Very Good - Refurbished,2020,279.95,,279.95,2026-08-02,buyItNow,"Apple iPad 10th Generation 10.9"" | 64GB Wi‑Fi | A2696 | Silver | 1 Year Warranty",https://www.ebay.com/itm/147478503002?nordt=true,https://i.ebayimg.com/images/g/ujYAAeSwDhxqb3Ib/s-l1600.jpg,
ipad-10,iPad 10th Gen,Very Good - Refurbished,2020,285.0,,285.0,2026-08-02,buyItNow,"Apple iPad 10th Generation 10.9"" | 64GB Wi‑Fi | A2696 | Pink | Warranty",https://www.ebay.com/itm/287499345521?nordt=true,https://i.ebayimg.com/images/g/SOoAAeSwUr5qZQ0-/s-l1600.jpg,
ipad-10,iPad 10th Gen,Open Box,1500,350.0,5.68,355.68,2026-08-02,buyItNow,Apple iPad 10th Gen 10.9” 128GB WiFi Blue + Apple Pencil – Open Box,https://www.ebay.com/itm/178078943855?nordt=true,https://i.ebayimg.com/images/g/OyIAAeSw8iBp7VMc/s-l1600.jpg,25057112556
ipad-10,iPad 10th Gen,Excellent - Refurbished,2010,284.99,,284.99,2026-08-02,buyItNow,"Apple iPad (10th Generation, 10.9-inch, 2022), 64GB, Wi-Fi Only - Excellent",https://www.ebay.com/itm/407073066492?nordt=true,https://i.ebayimg.com/images/g/EmYAAeSwOPZqZ6Ko/s-l1600.jpg,
ipad-10,iPad 10th Gen,Brand New,1000,313.26,26.8,340.06,2026-08-02,auction,Sealed Apple iPad 10th Generation (A2757) Wi-Fi 256gb Blue,https://www.ebay.com/itm/377365315369?nordt=true,https://i.ebayimg.com/images/g/e~0AAeSwQ7dqYn4R/s-l1600.jpg,
ipad-10,iPad 10th Gen,Excellent - Refurbished,2010,305.0,,305.0,2026-08-02,buyItNow,"Apple iPad 10th Generation 10.9"" | 64GB Wi‑Fi | A2696 | Mint Cond -1 yr warranty",https://www.ebay.com/itm/147478644642?nordt=true,https://i.ebayimg.com/images/g/TBMAAeSwMm1qZQl5/s-l1600.jpg,
ipad-10,iPad 10th Gen,Brand New,1000,250.0,5.83,255.83,2026-08-02,buyItNow,"Apple iPad (10th Generation) A2777 64 GB, Wi-Fi + 5G, 10.9 in - Silver",https://www.ebay.com/itm/800429325064?nordt=true,https://i.ebayimg.com/images/g/8QUAAeSwUXxqanYu/s-l1600.jpg,
ipad-10,iPad 10th Gen,Brand New,1000,450.0,10.0,460.0,2026-08-02,buyItNow,"Apple iPad 10th Gen. 64GB, Wi-Fi, 10.9in - Pink BUNDLE WITH CASE",https://www.ebay.com/itm/315487148881?nordt=true,https://i.ebayimg.com/images/g/55oAAOSwsKJkGjxO/s-l1600.jpg,20057124756
ipad-10,iPad 10th Gen,Brand New,1000,284.0,5.68,289.68,2026-08-02,buyItNow,"Apple iPad (10th Generation) A3162 64 GB, Wi-Fi, 10.9 in - Silver",https://www.ebay.com/itm/407111511931?nordt=true,https://i.ebayimg.com/images/g/eTUAAeSw9apqbSSF/s-l1600.jpg,11075859491
ipad-10,iPad 10th Gen,Open Box,1500,289.0,31.93,320.93,2026-08-02,buyItNow,"NEW APPLE IPAD 10th GEN WIFI / CELLULAR 10.9"" 64GB  BLUE",https://www.ebay.com/itm/405866982574?nordt=true,https://i.ebayimg.com/images/g/tEYAAOSwKiBoJVef/s-l1600.jpg,
ipad-10,iPad 10th Gen,Excellent - Refurbished,2010,269.56,,269.56,2026-08-03,buyItNow,"Apple iPad 10.9"" 10th Gen (2022), 64GB, Wi-Fi - Excellent - 1 YEAR WARRANTY",https://www.ebay.com/itm/186157034906?nordt=true,https://i.ebayimg.com/images/g/HD0AAOSwW-FlIF6f/s-l1600.jpg,
ipad-10,iPad 10th Gen,Excellent - Refurbished,2010,369.99,,369.99,2026-08-03,buyItNow,"Apple iPad (10th Generation, 10.9-inch, 2022), 256GB, Wi-Fi - Tested - Excellent",https://www.ebay.com/itm/407072834988?nordt=true,https://i.ebayimg.com/images/g/2mEAAeSwmaVqambP/s-l1600.jpg,
ipad-10,iPad 10th Gen,Brand New,1000,339.99,,339.99,2026-08-03,buyItNow,"Apple iPad 10th Gen A14 - 64GB/256GB WiFi 10.9"" 2022 model - Brand New Sealed!",https://www.ebay.com/itm/266082146167?nordt=true,https://i.ebayimg.com/images/g/Q9UAAOSwTa5lvBEr/s-l1600.jpg,
ipad-10,iPad 10th Gen,Brand New,1000,450.0,6.07,456.07,2026-08-03,buyItNow,Apple iPad 10th Gen A2696 10.86in Wi‑Fi 256GB Blue Tablet,https://www.ebay.com/itm/800451435272?nordt=true,https://i.ebayimg.com/images/g/224AAeSwzIxqb-Jg/s-l1600.jpg,
ipad-10,iPad 10th Gen,Very Good - Refurbished,2020,250.96,,250.96,2026-08-03,buyItNow,"Apple iPad 10.9"" 10th Gen (2022), 64GB, Wi-Fi - Very Good - 1 YEAR WARRANTY",https://www.ebay.com/itm/186157081556?nordt=true,https://i.ebayimg.com/images/g/HD0AAOSwW-FlIF6f/s-l1600.jpg,
ipad-10,iPad 10th Gen,Open Box,1500,300.0,5.99,305.99,2026-08-03,buyItNow,Apple iPad 10.9-inch 2022 10th Gen Wi-Fi Cellular 64GB Silver Ex Condition,https://www.ebay.com/itm/257658956172?nordt=true,https://i.ebayimg.com/images/g/-I8AAeSwdJpqYALG/s-l1600.jpg,10057128508
ipad-10,iPad 10th Gen,Very Good - Refurbished,2020,295.95,,295.95,2026-08-03,buyItNow,Apple iPad 10th Gen [A2757] 10.9-inch (2022) Wi-Fi + GSM Unlocked - Very Good,https://www.ebay.com/itm/257651874604?nordt=true,https://i.ebayimg.com/images/g/NtoAAeSwh~xqa9vS/s-l1600.jpg,
ipad-10,iPad 10th Gen,Very Good - Refurbished,2020,239.99,,239.99,2026-08-03,buyItNow,"Apple iPad 10th Gen 10.9"" Wi-Fi+LTE - 64GB - Blue - Very Good Refurbished",https://www.ebay.com/itm/227300554891?nordt=true,https://i.ebayimg.com/images/g/ARMAAeSwS-xp3ld6/s-l1600.jpg,
ipad-10,iPad 10th Gen,Open Box,1500,212.0,,212.0,2026-08-03,buyItNow,Apple iPad 10th Gen 64GB Silver Wi-Fi 3L203LL/A,https://www.ebay.com/itm/136452780745?nordt=true,https://i.ebayimg.com/images/g/~04AAeSwnlxqRMNa/s-l1600.jpg,
ipad-10,iPad 10th Gen,Brand New,1000,237.0,,237.0,2026-08-03,buyItNow,Apple iPad 10th Gen 64GB Silver Wi-Fi 3L203LL/A,https://www.ebay.com/itm/134772122203?nordt=true,https://i.ebayimg.com/images/g/8ZcAAeSwXptpH1Cl/s-l1600.jpg,
ipad-10,iPad 10th Gen,Very Good - Refurbished,2020,349.99,,349.99,2026-08-03,buyItNow,"Apple iPad (10th Generation, 10.9-inch, 2022), 256GB, Wi-Fi - Tested - Very Good",https://www.ebay.com/itm/407072833881?nordt=true,https://i.ebayimg.com/images/g/6QEAAeSwjF1qambd/s-l1600.jpg,
ipad-10,iPad 10th Gen,Very Good - Refurbished,2020,345.0,,345.0,2026-08-03,buyItNow,"Apple iPad 10th Generation 10.9"" | 256 GB Wi‑Fi | A2696 | Sky Blue 1 yr warranty",https://www.ebay.com/itm/287499148945?nordt=true,https://i.ebayimg.com/images/g/TBMAAeSwMm1qZQl5/s-l1600.jpg,
ipad-10,iPad 10th Gen,Brand New,1000,350.0,6.07,356.07,2026-08-03,buyItNow,"Apple iPad 10th Generation 10.9 in Wi-Fi 64GB Silver Tablet,  sealed NEW",https://www.ebay.com/itm/257593222030?nordt=true,https://i.ebayimg.com/images/g/C3kAAeSw4PlqQbaF/s-l1600.jpg,
ipad-10,iPad 10th Gen,Excellent - Refurbished,2010,359.0,,359.0,2026-08-03,buyItNow,"Apple iPad 10th Generation 10.9"" | 256GB WiFi | A2696 | Silver | 1 Year Warranty",https://www.ebay.com/itm/147478520652?nordt=true,https://i.ebayimg.com/images/g/ujYAAeSwDhxqb3Ib/s-l1600.jpg,
ipad-10,iPad 10th Gen,Open Box,1500,359.95,,359.95,2026-08-04,buyItNow,"Apple iPad 10th Gen 10.9"" Wi-Fi  256GB  Pink  - Open Box Working Display Bundle",https://www.ebay.com/itm/398245870856?nordt=true,https://i.ebayimg.com/images/g/BBsAAeSwENVqcNTD/s-l1600.jpg,3057129657
ipad-10,iPad 10th Gen,Open Box,1500,330.0,5.99,335.99,2026-08-04,buyItNow,Apple iPad 10th Generation 10.9 64GB WiFi Silver MPQ03LL/A Open Box,https://www.ebay.com/itm/336709616689?nordt=true,https://i.ebayimg.com/images/g/-akAAeSwZl5qZl8b/s-l1600.jpg,10057128508
ipad-10,iPad 10th Gen,Brand New,1000,349.99,,349.99,2026-08-04,buyItNow,"Apple iPad (10th Generation) A2696 256 GB, Wi-Fi, 10.9 in - Blue",https://www.ebay.com/itm/227460909226?nordt=true,https://i.ebayimg.com/images/g/SLkAAeSwmV9qcSF0/s-l1600.jpg,25057112556
ipad-10,iPad 10th Gen,Good - Refurbished,2030,210.0,,210.0,2026-08-04,buyItNow,Apple iPad 10th Gen 64GB Blue Wi-Fi MPQ13LL/A,https://www.ebay.com/itm/134510292902?nordt=true,https://i.ebayimg.com/images/g/mzUAAeSwnxdqUQDN/s-l1600.jpg,12057115261
ipad-10,iPad 10th Gen,Open Box,1500,249.0,,249.0,2026-08-04,buyItNow,Apple iPad 10th Gen 64GB Silver Wi-Fi MPQ03LL/A,https://www.ebay.com/itm/136452914657?nordt=true,https://i.ebayimg.com/images/g/lCAAAeSwgxZqY5NF/s-l1600.jpg,
surface-pro-9,Microsoft Surface Pro 9,Pre-Owned,3000,45.0,6.96,51.96,2026-07-29,buyItNow,Dexnor for Microsoft Surface Pro 13-inch 12th Edition/11/9 Magic Keyboard Trackp,https://www.ebay.com/itm/206421833638?nordt=true,https://i.ebayimg.com/images/g/I-wAAeSw8QJqWnYN/s-l1600.jpg,
surface-pro-9,Microsoft Surface Pro 9,Pre-Owned,3000,624.99,,624.99,2026-07-29,buyItNow,Microsoft Surface Pro 9 i7-1265U 16GB RAM 512GB SSD w/ Type Cover,https://www.ebay.com/itm/318652343787?nordt=true,https://i.ebayimg.com/images/g/vZ0AAeSwLDFqalcb/s-l1600.jpg,
surface-pro-9,Microsoft Surface Pro 9,Pre-Owned,3000,399.0,5.83,404.83,2026-07-29,buyItNow,"Microsoft Surface Pro 9 13"" (256GB SSD, Intel Core i5 12th Gen., 4.40 GHz, 8GB,",https://www.ebay.com/itm/358791216123?nordt=true,https://i.ebayimg.com/images/g/x38AAeSwUr5qVQPX/s-l1600.jpg,5057064965
surface-pro-9,Microsoft Surface Pro 9,Pre-Owned,3000,579.0,,579.0,2026-07-29,buyItNow,Microsoft Surface Pro 9 i5-1245U 16GB 256GB NVMe Battery 96.6% Cycle 5 [GRADE A],https://www.ebay.com/itm/236970426694?nordt=true,https://i.ebayimg.com/images/g/5FEAAeSwzOhqabYw/s-l1600.jpg,
surface-pro-9,Microsoft Surface Pro 9,Pre-Owned,3000,55.0,,55.0,2026-07-29,buyItNow,Microsoft Surface Pro 9 1997 2038 Original Port Keyboard Flex Cable,https://www.ebay.com/itm/196128416744?nordt=true,https://i.ebayimg.com/images/g/yYsAAOSwqiNld2rB/s-l1600.jpg,
surface-pro-9,Microsoft Surface Pro 9,Pre-Owned,3000,469.99,,469.99,2026-07-29,buyItNow,Microsoft Surface Pro 9 2038 13-inch Core i5-1245U 16GB 256GB Silver,https://www.ebay.com/itm/366565055501?nordt=true,https://i.ebayimg.com/images/g/o74AAeSwZlJqZMLD/s-l1600.jpg,
surface-pro-9,Microsoft Surface Pro 9,Pre-Owned,3000,599.0,,599.0,2026-07-30,buyItNow,"Microsoft Surface Pro 9 13"" 2038 i5-1235U 16GB RAM WIN11 2TB SSD + Original Box",https://www.ebay.com/itm/336676163239?nordt=true,https://i.ebayimg.com/images/g/4AsAAeSwRfZqTKm9/s-l1600.jpg,
surface-pro-9,Microsoft Surface Pro 9,Pre-Owned,3000,599.99,5.93,605.92,2026-07-30,buyItNow,"Microsoft Surface Pro 9 2022, I7-1265U, 16 Gb Ram, 256 SSD, Win 11 Pro.",https://www.ebay.com/itm/236971521427?nordt=true,https://i.ebayimg.com/images/g/X40AAeSwBGxqakPZ/s-l1600.jpg,
surface-pro-9,Microsoft Surface Pro 9,Pre-Owned,3000,424.99,,424.99,2026-07-30,buyItNow,Surface Pro 9 Sapphire 12th Gen Intel I5 Wi Fi 8GB RAM 256GB Read Description,https://www.ebay.com/itm/298171055397?nordt=true,https://i.ebayimg.com/images/g/n7kAAeSwvwppyFoF/s-l1600.jpg,
surface-pro-9,Microsoft Surface Pro 9,Pre-Owned,3000,749.99,5.99,755.98,2026-07-30,buyItNow,Microsoft Surface Pro 9 13in Intel Core i5 16GB 256GB Win 11 Home,https://www.ebay.com/itm/377285261313?nordt=true,https://i.ebayimg.com/images/g/OCgAAeSwuPFqOCsH/s-l1600.jpg,
surface-pro-9,Microsoft Surface Pro 9,Pre-Owned,3000,84.99,,84.99,2026-07-30,buyItNow,Microsoft Surface Pro Keyboard  for  Copilot 8/9/ 11th Edition Dune #02,https://www.ebay.com/itm/178335812853?nordt=true,https://i.ebayimg.com/images/g/SUAAAeSwfCxqYU-4/s-l1600.jpg,
surface-pro-9,Microsoft Surface Pro 9,Pre-Owned,3000,750.0,8.82,758.82,2026-07-30,buyItNow,"Surface Pro 9 (I7-1255U, 16GB RAM, 256GB SSD, Keyboard, Slim Pen)",https://www.ebay.com/itm/178354563193?nordt=true,https://i.ebayimg.com/images/g/ZfgAAeSwFKNqai~~/s-l1600.jpg,
surface-pro-9,Microsoft Surface Pro 9,Pre-Owned,3000,450.0,,450.0,2026-07-30,buyItNow,Microsoft Surface Pro 9 i5-1245U 16GB RAM 256GB SSD Win 11 Pro W/Charger,https://www.ebay.com/itm/178354528784?nordt=true,https://i.ebayimg.com/images/g/ye4AAeSwayVqUdqm/s-l1600.jpg,
surface-pro-9,Microsoft Surface Pro 9,Pre-Owned,3000,880.0,5.83,885.83,2026-07-30,buyItNow,"Microsoft Surface Pro 9 13"" Silver 2.7 GHz Intel i7-1265U 32GB 1TB SSD",https://www.ebay.com/itm/307051035912?nordt=true,https://i.ebayimg.com/images/g/-8MAAeSwEHxqOZU8/s-l1600.jpg,
surface-pro-9,Microsoft Surface Pro 9,Pre-Owned,3000,49.95,9.14,59.09,2026-07-30,buyItNow,Microsoft Cover Keyboard Model 1864 for Surface Pro  11/10/9/8/X,https://www.ebay.com/itm/298543726246?nordt=true,https://i.ebayimg.com/images/g/6eAAAeSwfZRqardo/s-l1600.jpg,11044565236
surface-pro-9,Microsoft Surface Pro 9,Pre-Owned,3000,99.0,,99.0,2026-07-30,buyItNow,Microsoft Surface Pro 9 2038 Original Housing Back Cover Case Part Cable Silver,https://www.ebay.com/itm/196128407777?nordt=true,https://i.ebayimg.com/images/g/eXMAAOSwqCpmKCS8/s-l1600.jpg,
surface-pro-9,Microsoft Surface Pro 9,Pre-Owned,3000,500.0,,500.0,2026-07-31,buyItNow,💻 💖 Microsoft Surface Pro 9 + Keyboard!!,https://www.ebay.com/itm/398233733065?nordt=true,https://i.ebayimg.com/images/g/IrcAAeSwMDlqbDr-/s-l1600.jpg,
surface-pro-9,Microsoft Surface Pro 9,Pre-Owned,3000,550.0,6.05,556.05,2026-07-31,buyItNow,Microsoft Surface Pro 9 (2-in-1 tablet),https://www.ebay.com/itm/287495934255?nordt=true,https://i.ebayimg.com/images/g/AJcAAeSwYaxqbVxI/s-l1600.jpg,
surface-pro-9,Microsoft Surface Pro 9,Pre-Owned,3000,425.0,5.8,430.8,2026-07-31,buyItNow,Microsoft Surface Pro 9 13” i5 8GB 256GB + Keyboard,https://www.ebay.com/itm/198398792317?nordt=true,https://i.ebayimg.com/images/g/FuoAAeSwE-FqH9uW/s-l1600.jpg,
surface-pro-9,Microsoft Surface Pro 9,Pre-Owned,3000,499.0,24.25,523.25,2026-07-31,buyItNow,Microsoft Surface Pro 9,https://www.ebay.com/itm/147461224087?nordt=true,https://i.ebayimg.com/images/g/8l8AAeSw~oJqZUqt/s-l1600.jpg,
surface-pro-9,Microsoft Surface Pro 9,Pre-Owned,3000,699.0,5.99,704.99,2026-07-31,buyItNow,"Microsoft Surface Pro 9 13"" i7-1255U 16GB 512GB Windows 11 Pro Silver",https://www.ebay.com/itm/128003343749?nordt=true,https://i.ebayimg.com/images/g/y00AAeSwBO5qPtVH/s-l1600.jpg,
surface-pro-9,Microsoft Surface Pro 9,Pre-Owned,3000,400.0,9.56,409.56,2026-07-31,buyItNow,"Microsoft Surface Pro 9 i5-1245U 13"" Tablet (512GB, 16GB RAM)",https://www.ebay.com/itm/178357434784?nordt=true,https://i.ebayimg.com/images/g/VAkAAeSwdhFqa4Rp/s-l1600.jpg,
surface-pro-9,Microsoft Surface Pro 9,Pre-Owned,3000,24.99,,24.99,2026-07-31,buyItNow,"Genuine Microsoft Surface pro 3,4,5,6,7,8,9 Docking Station 1661 With OEM 90W PS",https://www.ebay.com/itm/227375939767?nordt=true,https://i.ebayimg.com/images/g/BzMAAeSwaslqJHFx/s-l1600.jpg,22045648866
surface-pro-9,Microsoft Surface Pro 9,Pre-Owned,3000,399.99,,399.99,2026-08-01,buyItNow,"Microsoft Surface Pro 9 2038 13"" i5-1235U 2.5GHz 8GB RAM 256GB SSD",https://www.ebay.com/itm/147409847151?nordt=true,https://i.ebayimg.com/images/g/OysAAeSwpdZqRWFv/s-l1600.jpg,
surface-pro-9,Microsoft Surface Pro 9,Pre-Owned,3000,24.99,,24.99,2026-08-01,buyItNow,Microsoft Docking Station 1661 Surface Pro 3 4 5 6 7 8 9 w/ 1749 90W A/C Adapter,https://www.ebay.com/itm/227457930287?nordt=true,https://i.ebayimg.com/images/g/CV0AAeSwFJVqbiuU/s-l1600.jpg,21012562176
surface-pro-9,Microsoft Surface Pro 9,Pre-Owned,3000,69.95,9.45,79.4,2026-08-01,buyItNow,Genuine Microsoft Cover Keyboard Model 1864 for Surface Pro  11/10/9/8/X -Black,https://www.ebay.com/itm/152431291638?nordt=true,https://i.ebayimg.com/images/g/SIgAAeSwVu9qRDIL/s-l1600.jpg,
surface-pro-9,Microsoft Surface Pro 9,Pre-Owned,3000,24.98,,24.98,2026-08-01,buyItNow,Microsoft Docking Station 1661 Surface Pro 3 4 5 6 7 8 9 1749   PF3-00005 AC,https://www.ebay.com/itm/333716096396?nordt=true,https://i.ebayimg.com/images/g/oq0AAOSwpo9fWSrH/s-l1600.jpg,21012562176
surface-pro-9,Microsoft Surface Pro 9,Pre-Owned,3000,399.99,,399.99,2026-08-01,buyItNow,"Microsoft Surface Pro 9 13"" i5-1235U 8GB RAM 256GB SSD 2038 Win11 Tablet",https://www.ebay.com/itm/287459558521?nordt=true,https://i.ebayimg.com/images/g/180AAeSw6QhqVXlR/s-l1600.jpg,
surface-pro-9,Microsoft Surface Pro 9,Pre-Owned,3000,750.0,6.07,756.07,2026-08-01,buyItNow,Microsoft Surface Pro 9 2038 -No Key Board-Intel 12th Gen-i7,https://www.ebay.com/itm/398067382378?nordt=true,https://i.ebayimg.com/images/g/jqMAAeSw0lVqB0JO/s-l1600.jpg,
surface-pro-9,Microsoft Surface Pro 9,Pre-Owned,3000,400.0,6.07,406.07,2026-08-02,auction,Microsoft Surface Pro 9 Bundle | i5 | 8GB RAM | 256GB SSD | + Bluetooth Mouse,https://www.ebay.com/itm/800413869388?nordt=true,https://i.ebayimg.com/images/g/QLoAAeSwFJVqZtC6/s-l1600.jpg,
surface-pro-9,Microsoft Surface Pro 9,Pre-Owned,3000,585.0,,585.0,2026-08-02,auction,"Microsoft Surface Pro 9 - 12th Gen i7, 16GB 256GB SSD Sapphire (With Keyboard)",https://www.ebay.com/itm/307092443312?nordt=true,https://i.ebayimg.com/images/g/OqMAAeSwrptqaTMR/s-l1600.jpg,
surface-pro-9,Microsoft Surface Pro 9,Pre-Owned,3000,287.63,34.47,322.1,2026-08-02,auction,"Microsoft Surface Pro 9 QD1-00001 13"" 128GB Tablet Platinum",https://www.ebay.com/itm/366571511654?nordt=true,https://i.ebayimg.com/images/g/eP8AAeSwIX5qaNbi/s-l1600.jpg,
surface-pro-9,Microsoft Surface Pro 9,Pre-Owned,3000,557.74,52.39,610.13,2026-08-02,auction,Microsoft Surface Pro 9 i5 16GB RAM 256GB SSD + Surface Keyboard + Slim Pen 2,https://www.ebay.com/itm/158111846544?nordt=true,https://i.ebayimg.com/images/g/q2MAAeSwXmlqEvHi/s-l1600.jpg,
surface-pro-9,Microsoft Surface Pro 9,Pre-Owned,3000,574.99,,574.99,2026-08-03,buyItNow,"Microsoft Surface Pro 9 13"" i7-1265U 16GB 512GB SSD Windows 11 Pro Silver",https://www.ebay.com/itm/128009607848?nordt=true,https://i.ebayimg.com/images/g/gXUAAeSw6JVqcUp8/s-l1600.jpg,
surface-pro-9,Microsoft Surface Pro 9,Pre-Owned,3000,599.99,11.0,610.99,2026-08-03,buyItNow,"Microsoft Surface Pro 9 Model 1997 Tablet 512GB , 16GB  DDR4, Verizon w Charger",https://www.ebay.com/itm/127985431371?nordt=true,https://i.ebayimg.com/images/g/sBMAAeSwzOhqXmTH/s-l1600.jpg,
surface-pro-9,Microsoft Surface Pro 9,Pre-Owned,3000,399.95,,399.95,2026-08-03,buyItNow,"Microsoft Surface Pro 9 2038 13"" i5-1235U 2.5GHz 8GB RAM 256GB SSD No OS",https://www.ebay.com/itm/800455547199?nordt=true,https://i.ebayimg.com/images/g/JxAAAeSwU7hqcNzR/s-l1600.jpg,
surface-pro-9,Microsoft Surface Pro 9,Pre-Owned,3000,227.5,19.81,247.31,2026-08-03,auction,"Microsoft Surface Pro 9 i7-1255U 16GB RAM No SSD 13"" Touch WQHD FOR PARTS/REPAIR",https://www.ebay.com/itm/318642961492?nordt=true,https://i.ebayimg.com/images/g/oJIAAeSwan9qZ6YC/s-l1600.jpg,
surface-pro-9,Microsoft Surface Pro 9,Pre-Owned,3000,24.99,8.0,32.99,2026-08-03,buyItNow,"Original Microsoft Surface pro 3,4,5,6,7,8,9 Docking Station 1661 With 90W PS",https://www.ebay.com/itm/257201245134?nordt=true,https://i.ebayimg.com/images/g/SpgAAeSwUlNpEk2v/s-l1600.jpg,22045648866
surface-pro-9,Microsoft Surface Pro 9,Pre-Owned,3000,360.24,36.65,396.89,2026-08-03,auction,"Microsoft Surface Pro 9 QD1-00001 13"" 128GB Tablet Platinum",https://www.ebay.com/itm/407106374234?nordt=true,https://i.ebayimg.com/images/g/tysAAeSw7RNqae0W/s-l1600.jpg,
surface-pro-9,Microsoft Surface Pro 9,Pre-Owned,3000,293.49,34.65,328.14,2026-08-03,auction,"Microsoft Surface Pro 9 QD1-00001 13"" 128GB Tablet Platinum",https://www.ebay.com/itm/407106283386?nordt=true,https://i.ebayimg.com/images/g/7gAAAeSw529qaOQ~/s-l1600.jpg,
surface-pro-9,Microsoft Surface Pro 9,Pre-Owned,3000,499.99,,499.99,2026-08-03,buyItNow,Microsoft Surface Pro 9 13' I7-1255U win11 home 16/256 Platinum Touchscreen,https://www.ebay.com/itm/366280032287?nordt=true,https://i.ebayimg.com/images/g/BqIAAeSwVZdpuD7S/s-l1600.jpg,
surface-pro-9,Microsoft Surface Pro 9,Pre-Owned,3000,19.0,10.0,29.0,2026-08-04,buyItNow,Microsoft Docking Station 1661 Surface Pro 3 4 5 6 7 8 9 1749   PF3-00005 AC,https://www.ebay.com/itm/117298682163?nordt=true,https://i.ebayimg.com/images/g/JSAAAeSwG2hqSCTd/s-l1600.jpg,21012562176
surface-pro-9,Microsoft Surface Pro 9,Pre-Owned,3000,599.99,6.07,606.06,2026-08-04,buyItNow,Microsoft Surface Pro 9 2038 -No Key Board-Intel 12th Gen-i7,https://www.ebay.com/itm/398243298526?nordt=true,https://i.ebayimg.com/images/g/jqMAAeSw0lVqB0JO/s-l1600.jpg,
surface-pro-9,Microsoft Surface Pro 9,Pre-Owned,3000,705.0,,705.0,2026-08-04,buyItNow,"Microsoft Surface Pro 9 13"" i7-1265U 1Tb 16Gb RAM Keyboard Win 11 Pro",https://www.ebay.com/itm/178363580440?nordt=true,https://i.ebayimg.com/images/g/o-EAAeSw65BqbgZq/s-l1600.jpg,
surface-pro-9,Microsoft Surface Pro 9,Pre-Owned,3000,469.99,,469.99,2026-08-04,buyItNow,Microsoft Surface Pro 9 2038 Core i5-1245U 16GB RAM 256GB SSD - Used,https://www.ebay.com/itm/358847334031?nordt=true,https://i.ebayimg.com/images/g/lXQAAeSwrhNqZoNZ/s-l1600.jpg,
surface-pro-9,Microsoft Surface Pro 9,Pre-Owned,3000,590.0,10.0,600.0,2026-08-04,auction,"Microsoft Surface Pro 9 (Intel i7, 16GB RAM, 512GB SSD)",https://www.ebay.com/itm/398246202482?nordt=true,https://i.ebayimg.com/images/g/6qcAAeSwGjJqcPLu/s-l1600.jpg,
surface-pro-9,Microsoft Surface Pro 9,Pre-Owned,3000,384.95,,384.95,2026-08-04,buyItNow,Microsoft Surface Pro 9 13 Black 2.5 GHz i5-1245U 8GB 256GB,https://www.ebay.com/itm/407105071183?nordt=true,https://i.ebayimg.com/images/g/pn8AAeSwzM5qaVh7/s-l1600.jpg,
surface-pro-9,Microsoft Surface Pro 9,Pre-Owned,3000,599.99,,599.99,2026-08-04,buyItNow,"Microsoft Surface Pro 9, I7-1265U, 16 GB Ram, 256 SSD w/ Charger",https://www.ebay.com/itm/377387425801?nordt=true,https://i.ebayimg.com/images/g/STYAAeSw0ttqbngl/s-l1600.jpg,
surface-pro-9,Microsoft Surface Pro 9,Pre-Owned,3000,331.77,35.8,367.57,2026-08-04,auction,"Microsoft Surface Pro 9 QD1-00001 13"" 128GB Tablet Platinum",https://www.ebay.com/itm/358862214447?nordt=true,https://i.ebayimg.com/images/g/Q6IAAeSwan9qahIg/s-l1600.jpg,
surface-pro-9,Microsoft Surface Pro 9,Parts Only,7000,539.99,,539.99,2026-07-31,buyItNow,Microsoft Surface Pro 9 13 Platinum 2.6 GHz i7-1255U 32GB 1TB SSD - Flickers,https://www.ebay.com/itm/298384929928?nordt=true,https://i.ebayimg.com/images/g/XsoAAeSwStpqIbG1/s-l1600.jpg,
surface-pro-9,Microsoft Surface Pro 9,Parts Only,7000,214.91,40.57,255.48,2026-08-01,buyItNow,Microsoft Surface Pro 9 2038 256GB Wifi 8GB Ram Intel Core I5 - Cracked Screen,https://www.ebay.com/itm/206416419270?nordt=true,https://i.ebayimg.com/images/g/LhgAAeSwh0NqV3D7/s-l1600.jpg,
surface-pro-9,Microsoft Surface Pro 9,Brand New,1000,23.95,,23.95,2026-05-07,buyItNow,Microsoft Surface Pencil - Stylus Pen for Surface Pro 12/11/9/10/8/X/7/6/5/4/3 w,https://www.ebay.com/itm/236695712207?nordt=true,https://i.ebayimg.com/images/g/qTUAAeSwSEVpuf49/s-l1600.jpg,
surface-pro-9,Microsoft Surface Pro 9,Open Box,1500,267.99,,267.99,2026-07-03,buyItNow,"Open Box: Microsoft Surface Pro Flex Keyboard for Pro (11th Edition), Pro 9, and",https://www.ebay.com/itm/298474953167?nordt=true,https://i.ebayimg.com/images/g/WZUAAeSw8z5qRzbW/s-l1600.jpg,21070079612
surface-pro-9,Microsoft Surface Pro 9,Open Box,1500,107.99,,107.99,2026-07-24,buyItNow,"Open Box: Microsoft Surface Pro Keyboard for Pro (11th Edition), Pro 9, and Pro",https://www.ebay.com/itm/127952835012?nordt=true,https://i.ebayimg.com/images/g/8-UAAeSw8z5qReVV/s-l1600.jpg,20068547941
surface-pro-9,Microsoft Surface Pro 9,Very Good - Refurbished,2020,449.99,,449.99,2026-07-29,buyItNow,"Microsoft Surface Pro 9 13"", Wi-Fi - i5 8GB RAM 256GB SSD - Platinum - Very Good",https://www.ebay.com/itm/307034855989?nordt=true,https://i.ebayimg.com/images/g/nEoAAeSw0jhqP4XQ/s-l1600.jpg,
surface-pro-9,Microsoft Surface Pro 9,Brand New,1000,598.0,,598.0,2026-07-29,buyItNow,"NEW Microsoft Surface Pro 9 Core i5-1235U 8GB RAM 128GB SSD 13"" Touch W11 silver",https://www.ebay.com/itm/227353136299?nordt=true,https://i.ebayimg.com/images/g/eeIAAeSwOk1qajBz/s-l1600.jpg,
surface-pro-9,Microsoft Surface Pro 9,Very Good - Refurbished,2020,679.99,,679.99,2026-07-29,buyItNow,Microsoft Surface Pro 9 LTE 13 Platinum 2.9 GHz SQ3 16GB 256GB SSD Very Good,https://www.ebay.com/itm/298543193917?nordt=true,https://i.ebayimg.com/images/g/QKoAAeSw-jdqam~I/s-l1600.jpg,
surface-pro-9,Microsoft Surface Pro 9,Brand New,1000,339.5,,339.5,2026-07-29,buyItNow,WD SN740 2TB M.2 2230 SSD NVMe PCIe4x4 For Microsoft Surface Pro 9 Steam Deck,https://www.ebay.com/itm/397025314070?nordt=true,https://i.ebayimg.com/images/g/v3gAAeSwjHtougkf/s-l1600.jpg,7055639400
surface-pro-9,Microsoft Surface Pro 9,Brand New,1000,26.99,,26.99,2026-07-29,buyItNow,Genuine 65w Surface Charger Adapter for Microsoft Pro 5/6/7/8/9/7+/1625/867/1735,https://www.ebay.com/itm/167048654584?nordt=true,https://i.ebayimg.com/images/g/zF8AAOSwtmhl2v5l/s-l1600.jpg,
surface-pro-9,Microsoft Surface Pro 9,Very Good - Refurbished,2020,799.99,,799.99,2026-07-30,buyItNow,Microsoft Surface Pro 9 Intel i7-1265U 16GB RAM 256GB SSD Win 11 w/ Keyboard,https://www.ebay.com/itm/327204781680?nordt=true,https://i.ebayimg.com/images/g/bNEAAeSwoStqKDZ5/s-l1600.jpg,
surface-pro-9,Microsoft Surface Pro 9,Brand New,1000,788.0,,788.0,2026-07-30,buyItNow,"NEW Microsoft Surface Pro 9 i5-1235U 16GB RAM 256GB SSD 13"" Touch Silver W11H",https://www.ebay.com/itm/327171079474?nordt=true,https://i.ebayimg.com/images/g/tNYAAeSwstBqYO8y/s-l1600.jpg,
surface-pro-9,Microsoft Surface Pro 9,Brand New,1000,26.99,,26.99,2026-07-31,buyItNow,NEW Genuine 65W Surface Charger Microsoft Surface Pro 9 8 7+ 1706 1800 1951 1943,https://www.ebay.com/itm/167383486904?nordt=true,https://i.ebayimg.com/images/g/zF8AAOSwtmhl2v5l/s-l1600.jpg,
surface-pro-9,Microsoft Surface Pro 9,Open Box,1500,109.99,,109.99,2026-07-31,buyItNow,Microsoft Surface Pro Keyboard w/ Pen Storage for Copilot+ 11th Ed Surface 9 & 8,https://www.ebay.com/itm/178224734361?nordt=true,https://i.ebayimg.com/images/g/fFoAAeSwQZpqLHUA/s-l1600.jpg,
surface-pro-9,Microsoft Surface Pro 9,Good - Refurbished,2030,749.99,,749.99,2026-07-31,buyItNow,Microsoft Surface Pro 9 Intel i7-1265U 16GB RAM 256GB SSD Win 11-BLACK,https://www.ebay.com/itm/227422656926?nordt=true,https://i.ebayimg.com/images/g/bNEAAeSwoStqKDZ5/s-l1600.jpg,
surface-pro-9,Microsoft Surface Pro 9,Brand New,1000,10.99,,10.99,2026-07-31,buyItNow,"Surface Pro Charger Fit for Microsoft Surface Pro 3/4/5/6/7/8/9/X 65W, 44W, 36W",https://www.ebay.com/itm/354550970078?nordt=true,https://i.ebayimg.com/images/g/nKMAAOSwcoVj12NF/s-l1600.jpg,
surface-pro-9,Microsoft Surface Pro 9,Brand New,1000,20.0,5.0,25.0,2026-08-01,buyItNow,New Genuine microsoft 1706 65w Surface Pro 6 7 8 9 X 1769 1736 1800 Charger,https://www.ebay.com/itm/358796711425?nordt=true,https://i.ebayimg.com/images/g/ey0AAeSwflRqVsEx/s-l1600.jpg,12065779486
surface-pro-9,Microsoft Surface Pro 9,Excellent - Refurbished,2010,699.99,,699.99,2026-08-01,buyItNow,Microsoft Surface Pro 9 13 Forest 2022 2.5 GHz i5-1235U 16GB 256GB SSD BUNDLE,https://www.ebay.com/itm/278235705944?nordt=true,https://i.ebayimg.com/images/g/96kAAeSwAzZqbUTO/s-l1600.jpg,
surface-pro-9,Microsoft Surface Pro 9,Brand New,1000,33.74,,33.74,2026-08-01,buyItNow,"For Microsoft Surface Pro 9, SUPCASE Surface Case Compatible Type Cover Keyboard",https://www.ebay.com/itm/256111418819?nordt=true,https://i.ebayimg.com/images/g/0KYAAOSwPaVjbgTV/s-l1600.jpg,
surface-pro-9,Microsoft Surface Pro 9,Excellent - Refurbished,2010,769.99,,769.99,2026-08-01,buyItNow,Microsoft Surface Pro 9 Intel i7-1265U 16GB RAM 256GB SSD Win 11-BLACK,https://www.ebay.com/itm/227421313839?nordt=true,https://i.ebayimg.com/images/g/bNEAAeSwoStqKDZ5/s-l1600.jpg,
surface-pro-9,Microsoft Surface Pro 9,Open Box,1500,11.51,,11.51,2026-08-01,buyItNow,TiMOVO Microsoft Surface Pro 9 Case Shockproof Rugged Protective Cover Black,https://www.ebay.com/itm/257593268017?nordt=true,https://i.ebayimg.com/images/g/N7EAAeSwag5qQbzE/s-l1600.jpg,
surface-pro-9,Microsoft Surface Pro 9,Certified - Refurbished,2000,479.0,,479.0,2026-08-02,buyItNow,"Microsoft Surface Pro 9 i5-1235U 8GB RAM 128GB SSD 13"" 2880X1920 Touch Platinum",https://www.ebay.com/itm/236860222394?nordt=true,https://i.ebayimg.com/images/g/aEUAAeSwkOBqajCC/s-l1600.jpg,23057068899
surface-pro-9,Microsoft Surface Pro 9,Open Box,1500,560.0,8.05,568.05,2026-08-02,auction,"Microsoft Surface Pro 9 with 5G - SQ3, 16GB/256GB, Platinum - New Open Box",https://www.ebay.com/itm/298535262297?nordt=true,https://i.ebayimg.com/images/g/OacAAeSwNKlqYZ3J/s-l1600.jpg,
surface-pro-9,Microsoft Surface Pro 9,Open Box,1500,800.0,8.0,808.0,2026-08-03,buyItNow,Microsoft Surface Pro 9 13'' (256GB SSD Intel Core i7-1255U 4.7GHz 16GB RAM)...,https://www.ebay.com/itm/406888563560?nordt=true,https://i.ebayimg.com/images/g/NtEAAeSwnLZp74Az/s-l1600.jpg,8063398411
surface-pro-9,Microsoft Surface Pro 9,Excellent - Refurbished,2010,849.99,,849.99,2026-08-03,buyItNow,Microsoft Surface Pro 9 LTE 13 Platinum 2.9 GHz SQ3 16GB 512GB SSD Excellent,https://www.ebay.com/itm/278235893841?nordt=true,https://i.ebayimg.com/images/g/ZSkAAeSwgvZqbViW/s-l1600.jpg,
surface-pro-9,Microsoft Surface Pro 9,Excellent - Refurbished,2010,849.99,,849.99,2026-08-03,buyItNow,Microsoft Surface Pro 9 13 2.9 GHz SQ3 16GB 512GB SSD Excellent BUNDLE,https://www.ebay.com/itm/278235580442?nordt=true,https://i.ebayimg.com/images/g/ktMAAeSwgvZqbTrg/s-l1600.jpg,
surface-pro-9,Microsoft Surface Pro 9,Very Good - Refurbished,2020,669.99,,669.99,2026-08-03,buyItNow,Microsoft Surface Pro 9 LTE 13 2.9 GHz SQ3 8GB 256GB SSD Very Good BUNDLE,https://www.ebay.com/itm/278235704071?nordt=true,https://i.ebayimg.com/images/g/sY4AAeSwObdqbURr/s-l1600.jpg,
surface-pro-9,Microsoft Surface Pro 9,Excellent - Refurbished,2010,599.99,,599.99,2026-08-03,buyItNow,Microsoft Surface Pro 9 LTE 13 Platinum 2.9 GHz SQ3 8GB 256GB SSD Excellent,https://www.ebay.com/itm/298549186470?nordt=true,https://i.ebayimg.com/images/g/swoAAeSw2S9qbUKp/s-l1600.jpg,
surface-pro-9,Microsoft Surface Pro 9,Excellent - Refurbished,2010,639.99,,639.99,2026-08-03,buyItNow,Microsoft Surface Pro 9 LTE 13 Platinum 2.9 GHz SQ3 8GB 256GB SSD Excellent,https://www.ebay.com/itm/287495784908?nordt=true,https://i.ebayimg.com/images/g/rUUAAeSwRQxqbUQ6/s-l1600.jpg,
surface-pro-9,Microsoft Surface Pro 9,Brand New,1000,21.99,,21.99,2026-08-03,buyItNow,Genuine 65W Power Supply Charger 1706 for Microsoft Surface Pro 4/5/6/7/8/9/X,https://www.ebay.com/itm/158089266028?nordt=true,https://i.ebayimg.com/images/g/ZAUAAOSwiSFmlriR/s-l1600.jpg,26064161632
surface-pro-9,Microsoft Surface Pro 9,Brand New,1000,874.99,,874.99,2026-08-04,buyItNow,"New Microsoft Surface Pro 9 2038 13"" i7-1255U 1.7GHz 16GB RAM 250GB SSD",https://www.ebay.com/itm/128009233558?nordt=true,https://i.ebayimg.com/images/g/cgEAAeSw-DtqWUJT/s-l1600.jpg,
surface-pro-9,Microsoft Surface Pro 9,Very Good - Refurbished,2020,779.99,,779.99,2026-08-04,buyItNow,"RB Microsoft Surface Pro 9 13"" i7-1255U 16GB 512GB Windows 11 Home Black",https://www.ebay.com/itm/307006356781?nordt=true,https://i.ebayimg.com/images/g/cwYAAeSwzEZqMcFn/s-l1600.jpg,
surface-pro-9,Microsoft Surface Pro 9,Brand New,1000,12.19,,12.19,2026-08-04,buyItNow,"Microsoft charger 65W, 6FT Power Cord, Surface Pro 9/8/7+/6/5/4/3, support44/36W",https://www.ebay.com/itm/168426257843?nordt=true,https://i.ebayimg.com/images/g/Y~gAAeSwY0pqI7sD/s-l1600.jpg,
